time,Tg,T,RH,W,SR
2025-01-20 13:00:00,36.32,27.2,72,3.1,880
2025-01-20 13:05:00,35.84,26.9,73,3.1,875
2025-01-20 13:10:00,35.8,26.7,73,3.6,869
2025-01-20 13:15:00,36.36,26.6,74,3.1,863
2025-01-20 13:20:00,36.38,26.8,74,3.1,864
2025-01-20 13:25:00,35.52,27.0,74,2.7,865
2025-01-20 13:30:00,36.4,26.6,75,3.1,851
2025-01-20 13:35:00,37.06,26.7,74,3.1,845
2025-01-20 13:40:00,36.88,26.8,73,2.7,840
2025-01-20 13:45:00,37.46,26.9,74,2.7,832
2025-01-20 13:50:00,36.94,27.0,73,3.1,824
2025-01-20 13:55:00,36.24,27.1,73,2.7,822
2025-01-20 14:00:00,35.44,26.9,72,2.7,809
2025-01-20 14:05:00,35.86,26.4,74,3.1,802
2025-01-20 14:10:00,35.8,26.3,74,2.7,787
2025-01-20 14:15:00,36.22,25.9,73,2.7,781
2025-01-20 14:20:00,36.82,26.0,76,2.7,769
2025-01-20 14:25:00,36.48,26.3,74,2.2,760
2025-01-20 14:30:00,36.68,26.4,73,2.2,749
2025-01-20 14:35:00,35.94,26.4,74,2.2,739
2025-01-20 14:40:00,35.42,26.7,72,2.7,725
2025-01-20 14:45:00,36.34,26.6,72,2.7,711
2025-01-20 14:50:00,36.7,26.5,74,2.2,700
2025-01-20 14:55:00,35.62,26.7,72,2.7,689
2025-01-20 15:00:00,35.52,26.5,72,2.2,678
2025-01-20 15:05:00,36.36,26.3,72,2.7,663
2025-01-20 15:10:00,36.34,26.6,71,1.8,648
2025-01-20 15:15:00,36.42,26.7,71,2.2,639
2025-01-20 15:20:00,35.94,26.7,70,2.2,630
2025-01-20 15:25:00,36.18,26.7,69,2.2,613
2025-01-20 15:30:00,36.8,26.7,69,2.2,599
2025-01-20 15:35:00,36.68,26.8,68,2.2,586
2025-01-20 15:40:00,36.44,27.0,68,2.2,575
2025-01-20 15:45:00,36.88,27.1,67,1.8,556
2025-01-20 15:50:00,36.3,27.2,68,1.8,541
2025-01-20 15:55:00,36.16,27.2,67,1.8,524
2025-01-20 16:00:00,36.0,27.1,68,1.8,502
2025-01-21 10:00:00,38.74,26.0,79,2.2,733
2025-01-21 10:05:00,38.9,26.1,80,1.8,739
2025-01-21 10:10:00,38.12,26.4,79,1.3,743
2025-01-21 10:15:00,38.84,26.5,77,1.8,759
2025-01-21 10:20:00,38.68,26.4,77,2.2,758
2025-01-21 10:25:00,38.16,26.6,77,1.8,768
2025-01-21 10:30:00,37.8,26.5,77,1.8,783
2025-01-21 10:35:00,37.92,26.4,76,2.2,796
2025-01-21 10:40:00,38.8,26.6,77,1.8,805
2025-01-21 10:45:00,38.48,26.8,76,1.8,816
2025-01-21 10:50:00,38.92,27.0,75,2.2,825
2025-01-21 10:55:00,40.4,27.1,74,2.7,838
2025-01-21 11:00:00,38.82,27.4,74,2.2,842
2025-01-21 11:05:00,38.38,27.6,73,2.7,847
2025-01-21 11:10:00,39.08,27.6,72,3.1,872
2025-01-21 11:15:00,38.82,27.6,72,2.7,880
2025-01-21 11:20:00,38.56,27.7,70,2.7,883
2025-01-21 11:25:00,39.72,27.6,71,3.1,885
2025-01-21 11:30:00,38.4,27.6,70,2.7,895
2025-01-21 11:35:00,37.68,27.6,69,2.7,895
2025-01-21 11:40:00,37.92,27.6,70,2.7,903
2025-01-21 11:45:00,38.46,27.6,70,2.7,905
2025-01-21 11:50:00,37.34,27.8,70,2.2,902
2025-01-21 11:55:00,37.08,27.7,68,2.7,909
2025-01-21 12:00:00,37.3,27.3,67,3.1,913
2025-01-21 12:05:00,37.88,27.2,69,3.1,923
2025-01-21 12:10:00,38.3,27.4,68,3.1,921
2025-01-21 12:15:00,38.24,27.5,69,2.2,909
2025-01-21 12:20:00,38.14,27.6,68,2.7,902
2025-01-21 12:25:00,38.36,27.7,67,3.1,897
2025-01-21 12:30:00,39.260000000000005,27.7,66,3.6,901
2025-01-21 12:35:00,38.88,27.8,66,3.1,901
2025-01-21 12:40:00,38.48,28.0,65,2.7,903
2025-01-21 12:45:00,38.12,28.1,64,2.7,897
2025-01-21 12:50:00,39.4,27.9,63,3.1,896
2025-01-21 12:55:00,38.9,28.3,66,2.7,890
2025-01-21 13:00:00,37.88,28.3,63,2.7,890
2025-01-21 13:05:00,38.58,28.3,62,2.7,886
2025-01-21 13:10:00,37.96,28.5,63,2.2,878
2025-01-21 13:15:00,37.36,28.2,62,3.1,873
2025-01-21 13:20:00,38.24,28.1,63,3.1,871
2025-01-21 13:25:00,38.66,28.1,61,3.1,871
2025-01-21 13:30:00,37.58,28.1,61,3.1,864
2025-01-21 13:35:00,38.02,28.1,61,2.7,862
2025-01-21 13:40:00,37.66,28.3,62,2.2,855
2025-01-21 13:45:00,38.08,28.4,61,2.7,843
2025-01-21 13:50:00,38.12,28.6,62,2.2,837
2025-01-21 13:55:00,38.17999999999999,28.6,61,2.7,828
2025-01-21 14:00:00,37.46,28.8,61,2.2,819
2025-01-21 14:05:00,37.42,28.9,59,2.2,807
2025-01-21 14:10:00,38.14,29.0,57,2.2,796
2025-01-21 14:15:00,38.24,29.1,56,2.2,790
2025-01-21 14:20:00,38.16,29.1,58,2.7,785
2025-01-21 14:25:00,38.52,29.1,57,3.1,777
2025-01-21 14:30:00,38.6,29.0,57,2.2,766
2025-01-21 14:35:00,38.58,29.1,59,2.7,757
2025-01-21 14:40:00,38.5,29.2,58,2.7,744
2025-01-21 14:45:00,39.16,29.3,59,2.7,739
2025-01-21 14:50:00,38.84,29.2,58,2.7,734
2025-01-21 14:55:00,38.18,29.2,60,2.7,719
2025-01-21 15:00:00,38.24,29.1,62,2.7,711
2025-01-21 15:05:00,37.67999999999999,29.0,63,2.7,676
2025-01-21 15:10:00,37.06,28.6,62,2.2,626
2025-01-21 15:15:00,36.8,28.4,64,2.7,540
2025-01-21 15:20:00,37.04,28.2,65,2.7,564
2025-01-21 15:25:00,38.6,27.9,65,2.2,617
2025-01-21 15:30:00,39.04,28.1,65,2.2,662
2025-01-21 15:35:00,39.54,28.3,64,2.2,670
2025-01-21 15:40:00,40.32,28.6,63,2.2,694
2025-01-21 15:45:00,41.4,28.8,62,2.2,704
2025-01-21 15:50:00,42.44,29.1,62,2.2,735
2025-01-21 15:55:00,41.9,29.3,61,2.2,757
2025-01-21 16:00:00,40.9,29.6,60,2.2,665
2025-01-22 10:00:00,37.1,25.9,79,2.7,690
2025-01-22 10:05:00,37.06,26.0,80,2.2,707
2025-01-22 10:10:00,37.5,25.8,79,2.7,719
2025-01-22 10:15:00,36.18,25.7,79,1.8,733
2025-01-22 10:20:00,37.08,25.6,79,2.2,759
2025-01-22 10:25:00,36.84,25.8,79,1.8,768
2025-01-22 10:30:00,38.04,26.1,78,2.2,769
2025-01-22 10:35:00,37.18,26.4,78,2.2,773
2025-01-22 10:40:00,37.42,26.5,76,2.2,791
2025-01-22 10:45:00,38.02,26.6,76,2.2,811
2025-01-22 10:50:00,38.04,26.6,75,2.7,820
2025-01-22 10:55:00,36.78,26.8,73,2.2,754
2025-01-22 11:00:00,38.24,27.1,75,1.8,738
2025-01-22 11:05:00,36.92,27.4,71,2.2,867
2025-01-22 11:10:00,37.68,27.4,70,2.7,867
2025-01-22 11:15:00,37.72,27.6,69,2.2,863
2025-01-22 11:20:00,38.24,27.7,69,3.1,871
2025-01-22 11:25:00,38.54,27.8,67,2.2,866
2025-01-22 11:30:00,39.86,27.8,66,2.2,901
2025-01-22 11:35:00,39.3,28.1,65,2.2,947
2025-01-22 11:40:00,37.5,28.1,65,3.1,971
2025-01-22 11:45:00,36.04,27.8,65,2.2,791
2025-01-22 11:50:00,37.260000000000005,27.7,66,2.2,592
2025-01-22 11:55:00,38.18,27.7,67,2.7,837
2025-01-22 12:00:00,39.3,27.8,66,2.2,865
2025-01-22 12:05:00,39.34,28.1,64,2.7,990
2025-01-22 12:10:00,40.58,28.4,65,2.2,927
2025-01-22 12:15:00,38.94,28.7,62,3.6,942
2025-01-22 12:20:00,38.16,28.8,61,2.7,859
2025-01-22 12:25:00,39.8,28.6,62,3.1,925
2025-01-22 12:30:00,40.44,28.6,64,2.7,989
2025-01-22 12:35:00,38.14,28.7,63,3.1,963
2025-01-22 12:40:00,38.54,28.7,64,2.7,817
2025-01-22 12:45:00,38.24,28.7,64,2.7,897
2025-01-22 12:50:00,37.7,28.6,66,2.7,887
2025-01-22 12:55:00,38.58,28.6,66,2.7,883
2025-01-22 13:00:00,37.86,28.7,63,2.7,876
2025-01-22 13:05:00,37.52,28.6,63,2.7,875
2025-01-22 13:10:00,38.38,28.6,64,2.7,869
2025-01-22 13:15:00,37.7,28.8,63,2.7,871
2025-01-22 13:20:00,38.38,28.8,63,2.7,866
2025-01-22 13:25:00,37.4,28.9,63,3.1,862
2025-01-22 13:30:00,38.06,28.8,64,2.7,855
2025-01-22 13:35:00,37.0,28.7,62,3.1,843
2025-01-22 13:40:00,36.5,28.5,63,3.1,840
2025-01-22 13:45:00,37.48,28.3,65,2.7,829
2025-01-22 13:50:00,36.98,28.5,66,2.7,818
2025-01-22 13:55:00,37.92,28.4,66,2.7,809
2025-01-22 14:00:00,37.24,28.6,65,2.7,798
2025-01-22 14:05:00,37.58,28.2,66,3.1,797
2025-01-22 14:10:00,36.88,28.2,68,3.6,788
2025-01-22 14:15:00,37.3,28.2,67,3.1,771
2025-01-22 14:20:00,36.6,28.3,67,2.7,761
2025-01-22 14:25:00,36.88,28.3,67,2.7,742
2025-01-22 14:30:00,36.96,28.2,67,3.6,735
2025-01-22 14:35:00,36.06,27.9,67,3.1,719
2025-01-22 14:40:00,36.52,27.9,67,2.7,709
2025-01-22 14:45:00,36.58,27.8,66,3.1,709
2025-01-22 14:50:00,37.08,27.8,66,3.1,699
2025-01-22 14:55:00,36.12,27.8,65,3.1,690
2025-01-22 15:00:00,35.7,27.8,66,2.7,613
2025-01-22 15:05:00,36.56,27.8,65,3.1,502
2025-01-22 15:10:00,37.02,27.8,64,3.1,660
2025-01-22 15:15:00,37.88,27.7,64,2.7,661
2025-01-22 15:20:00,39.38,27.8,64,2.7,664
2025-01-22 15:25:00,38.68,27.9,63,2.7,652
2025-01-22 15:30:00,38.1,28.2,63,2.2,640
2025-01-22 15:35:00,38.38,28.3,63,2.2,617
2025-01-22 15:40:00,38.84,28.2,62,2.7,599
2025-01-22 15:45:00,37.22,28.4,62,2.2,578
2025-01-22 15:50:00,36.94,28.3,62,2.7,554
2025-01-22 15:55:00,36.12,28.1,62,2.7,536
2025-01-22 16:00:00,35.8,28.0,63,2.7,523
2025-01-23 10:00:00,35.44,24.9,82,1.3,617
2025-01-23 10:05:00,34.12,25.0,83,1.8,558
2025-01-23 10:10:00,35.2,24.9,82,1.8,536
2025-01-23 10:15:00,37.32,25.0,82,2.2,692
2025-01-23 10:20:00,38.18,25.2,82,1.8,790
2025-01-23 10:25:00,37.34,25.4,81,1.8,785
2025-01-23 10:30:00,37.2,25.5,82,2.2,802
2025-01-23 10:35:00,36.56,25.4,80,2.7,775
2025-01-23 10:40:00,35.88,25.4,81,1.8,698
2025-01-23 10:45:00,36.66,25.4,80,2.2,765
2025-01-23 10:50:00,37.14,25.6,79,2.2,823
2025-01-23 10:55:00,37.04,25.6,79,2.7,841
2025-01-23 11:00:00,37.28,25.4,79,2.7,840
2025-01-23 11:05:00,37.0,25.4,80,2.7,839
2025-01-23 11:10:00,37.82,25.7,80,2.2,844
2025-01-23 11:15:00,37.56,25.9,77,2.7,843
2025-01-23 11:20:00,37.22,25.9,78,2.2,850
2025-01-23 11:25:00,36.92,25.9,77,2.7,847
2025-01-23 11:30:00,37.38,26.0,77,2.7,854
2025-01-23 11:35:00,38.16,26.0,77,2.2,857
2025-01-23 11:40:00,37.68,26.2,76,3.1,875
2025-01-23 11:45:00,37.94,26.3,75,2.7,882
2025-01-23 11:50:00,37.260000000000005,26.4,74,2.7,887
2025-01-23 11:55:00,36.7,26.0,74,3.1,888
2025-01-23 12:00:00,37.04,25.9,76,2.2,890
2025-01-23 12:05:00,36.760000000000005,26.2,75,2.2,896
2025-01-23 12:10:00,36.48,26.3,73,2.2,887
2025-01-23 12:15:00,36.12,26.3,75,2.7,886
2025-01-23 12:20:00,35.760000000000005,26.4,73,3.1,893
2025-01-23 12:25:00,35.64,26.4,73,3.1,895
2025-01-23 12:30:00,35.06,26.2,72,3.6,892
2025-01-23 12:35:00,36.38,26.2,74,2.7,888
2025-01-23 12:40:00,36.66,26.4,73,2.7,887
2025-01-23 12:45:00,36.64,26.8,72,2.7,896
2025-01-23 12:50:00,36.92,26.9,71,2.7,893
2025-01-23 12:55:00,37.0,26.9,70,2.7,885
2025-01-23 13:00:00,36.64,26.9,70,2.7,886
2025-01-23 13:05:00,36.66,26.9,72,1.8,881
2025-01-23 13:10:00,36.04,27.1,71,2.7,884
2025-01-23 13:15:00,35.940000000000005,27.2,71,2.7,879
2025-01-23 13:20:00,36.08,27.1,69,2.7,872
2025-01-23 13:25:00,35.72,27.1,69,2.7,866
2025-01-23 13:30:00,36.94,26.8,69,3.1,861
2025-01-23 13:35:00,36.260000000000005,27.1,71,2.7,858
2025-01-23 13:40:00,35.56,27.3,68,2.7,850
2025-01-23 13:45:00,36.32,27.0,71,3.1,850
2025-01-23 13:50:00,37.22,27.1,70,2.7,843
2025-01-23 13:55:00,37.0,27.4,69,2.7,837
2025-01-23 14:00:00,37.18,27.6,69,2.7,828
2025-01-23 14:05:00,37.52,27.7,69,3.1,833
2025-01-23 14:10:00,35.760000000000005,27.4,69,2.7,749
2025-01-23 14:15:00,36.64,27.3,70,3.1,662
2025-01-23 14:20:00,37.2,27.1,70,2.7,790
2025-01-23 14:25:00,37.52,27.2,70,2.7,811
2025-01-23 14:30:00,37.24,27.4,70,2.7,822
2025-01-23 14:35:00,34.3,27.6,71,2.7,851
2025-01-23 14:40:00,37.8,27.3,71,2.2,445
2025-01-23 14:45:00,38.14,27.2,72,2.7,830
2025-01-23 14:50:00,37.08,27.1,72,3.1,806
2025-01-23 14:55:00,35.72,26.6,72,3.6,696
2025-01-23 15:00:00,33.760000000000005,26.2,75,3.1,619
2025-01-23 15:05:00,33.5,26.1,74,3.1,522
2025-01-23 15:10:00,32.86,25.9,75,2.7,534
2025-01-23 15:15:00,33.0,25.9,75,2.7,507
2025-01-23 15:20:00,34.64,25.9,76,2.7,489
2025-01-23 15:25:00,35.06,25.9,77,2.2,576
2025-01-23 15:30:00,35.559999999999995,26.0,75,3.1,629
2025-01-23 15:35:00,36.64,26.1,76,2.7,674
2025-01-23 15:40:00,35.78,26.2,76,3.1,680
2025-01-23 15:45:00,34.86,26.1,76,3.1,616
2025-01-23 15:50:00,36.68,26.2,75,2.7,615
2025-01-23 15:55:00,33.72,26.2,76,2.7,544
2025-01-23 16:00:00,34.8,25.9,75,2.2,469
2025-01-24 10:00:00,36.1,25.7,79,2.2,698
2025-01-24 10:05:00,36.46,25.7,80,2.2,713
2025-01-24 10:10:00,36.08,25.7,80,2.2,730
2025-01-24 10:15:00,35.54,25.8,79,2.2,701
2025-01-24 10:20:00,36.58,25.8,79,2.2,707
2025-01-24 10:25:00,36.72,25.9,79,2.7,778
2025-01-24 10:30:00,37.17999999999999,26.2,79,2.7,779
2025-01-24 10:35:00,36.4,26.3,78,2.7,778
2025-01-24 10:40:00,36.58,26.3,77,2.7,783
2025-01-24 10:45:00,35.78,26.1,77,3.1,791
2025-01-24 10:50:00,36.72,26.1,77,3.1,789
2025-01-24 10:55:00,36.14,26.1,77,2.7,802
2025-01-24 11:00:00,35.08,26.2,77,3.1,807
2025-01-24 11:05:00,35.86,25.9,77,3.1,810
2025-01-24 11:10:00,36.44,25.9,77,3.1,821
2025-01-24 11:15:00,35.68,26.0,77,2.7,823
2025-01-24 11:20:00,35.08,26.0,76,2.7,832
2025-01-24 11:25:00,35.64,25.9,77,2.7,851
2025-01-24 11:30:00,35.760000000000005,26.1,76,2.2,848
2025-01-24 11:35:00,35.86,26.3,75,2.2,855
2025-01-24 11:40:00,35.84,26.4,75,3.1,860
2025-01-24 11:45:00,35.7,26.4,75,2.7,868
2025-01-24 11:50:00,36.9,26.4,75,2.7,868
2025-01-24 11:55:00,35.0,26.5,75,2.7,868
2025-01-24 12:00:00,36.46,26.5,74,2.7,873
2025-01-24 12:05:00,35.480000000000004,26.6,73,2.7,887
2025-01-24 12:10:00,35.64,26.7,74,2.7,892
2025-01-24 12:15:00,36.5,26.8,73,2.7,893
2025-01-24 12:20:00,35.84,26.9,73,3.1,896
2025-01-24 12:25:00,35.260000000000005,26.9,73,2.7,898
2025-01-24 12:30:00,35.02,26.8,73,3.1,896
2025-01-24 12:35:00,34.64,26.5,74,3.6,891
2025-01-24 12:40:00,34.42,26.2,74,3.6,890
2025-01-24 12:45:00,34.32,25.9,75,3.6,883
2025-01-24 12:50:00,34.18,25.5,76,4.0,879
2025-01-24 12:55:00,34.6,25.3,76,3.6,874
2025-01-24 13:00:00,34.56,25.4,77,3.6,873
2025-01-24 13:05:00,34.32000000000001,25.7,74,3.6,872
2025-01-24 13:10:00,35.1,25.6,75,4.0,870
2025-01-24 13:15:00,35.12,25.7,76,2.7,865
2025-01-24 13:20:00,35.04,25.7,75,3.1,853
2025-01-24 13:25:00,35.38,26.1,76,3.1,850
2025-01-24 13:30:00,35.64,26.2,75,3.1,847
2025-01-24 13:35:00,35.62,26.2,76,3.1,846
2025-01-24 13:40:00,35.040000000000006,26.6,74,3.1,837
2025-01-24 13:45:00,34.42,26.3,74,4.0,833
2025-01-24 13:50:00,34.42,26.0,75,3.6,826
2025-01-24 13:55:00,34.6,26.1,75,3.6,818
2025-01-24 14:00:00,34.4,26.4,76,3.1,812
2025-01-24 14:05:00,34.2,26.4,74,3.6,810
2025-01-24 14:10:00,33.96,26.1,76,3.6,800
2025-01-24 14:15:00,34.2,26.0,76,3.6,791
2025-01-24 14:20:00,34.42,25.7,76,3.6,777
2025-01-24 14:25:00,35.04,25.6,78,3.1,772
2025-01-24 14:30:00,35.2,25.8,77,3.1,771
2025-01-24 14:35:00,35.480000000000004,25.9,77,3.1,773
2025-01-24 14:40:00,35.56,26.1,76,3.1,782
2025-01-24 14:45:00,35.32,26.3,75,3.6,776
2025-01-24 14:50:00,34.0,25.9,76,3.6,759
2025-01-24 14:55:00,33.239999999999995,25.8,76,3.6,617
2025-01-24 15:00:00,32.52,25.6,76,3.6,610
2025-01-24 15:05:00,33.48,25.4,76,3.1,637
2025-01-24 15:10:00,33.08,25.2,78,3.6,725
2025-01-24 15:15:00,30.14,25.1,77,3.1,568
2025-01-24 15:20:00,30.8,24.8,78,3.6,301
2025-01-24 15:25:00,32.54,24.9,79,3.1,696
2025-01-24 15:30:00,31.860000000000003,25.2,78,3.1,420
2025-01-24 15:35:00,32.32,25.2,77,3.1,485
2025-01-24 15:40:00,32.72,24.9,76,3.1,527
2025-01-24 15:45:00,31.58,24.8,78,2.2,437
2025-01-24 15:50:00,33.46,24.9,78,2.2,391
2025-01-24 15:55:00,34.84,25.2,77,2.2,537
2025-01-24 16:00:00,35.0,25.2,77,3.1,536
2025-01-25 10:00:00,32.7,23.9,85,2.2,402
2025-01-25 10:05:00,32.86,23.9,84,1.8,386
2025-01-25 10:10:00,34.760000000000005,23.9,83,1.3,414
2025-01-25 10:15:00,34.52,24.0,84,1.3,497
2025-01-25 10:20:00,33.04,24.2,83,1.8,432
2025-01-25 10:25:00,32.4,24.2,83,1.3,359
2025-01-25 10:30:00,36.36,24.3,84,1.8,390
2025-01-25 10:35:00,38.32,24.6,83,1.8,716
2025-01-25 10:40:00,39.24,24.8,82,1.8,809
2025-01-25 10:45:00,35.54,25.2,82,1.8,792
2025-01-25 10:50:00,35.04,25.4,80,1.8,447
2025-01-25 10:55:00,36.48,25.4,81,2.2,649
2025-01-25 11:00:00,37.68,25.6,81,2.2,821
2025-01-25 11:05:00,36.78,25.8,79,2.7,854
2025-01-25 11:10:00,36.8,25.9,79,2.2,846
2025-01-25 11:15:00,37.17999999999999,25.8,78,2.7,817
2025-01-25 11:20:00,36.3,25.5,78,3.1,818
2025-01-25 11:25:00,36.22,25.4,79,2.7,833
2025-01-25 11:30:00,36.2,25.6,78,3.1,818
2025-01-25 11:35:00,36.02,25.8,79,2.7,840
2025-01-25 11:40:00,36.16,25.8,78,3.1,853
2025-01-25 11:45:00,36.32,25.8,77,3.6,875
2025-01-25 11:50:00,35.46,25.8,78,3.1,867
2025-01-25 11:55:00,35.96,25.9,77,3.1,879
2025-01-25 12:00:00,37.52,25.9,77,3.1,883
2025-01-25 12:05:00,35.480000000000004,26.4,76,3.1,873
2025-01-25 12:10:00,35.06,26.2,75,3.6,885
2025-01-25 12:15:00,35.3,26.1,76,4.0,887
2025-01-25 12:20:00,35.6,26.2,76,3.6,888
2025-01-25 12:25:00,34.980000000000004,26.3,75,3.6,885
2025-01-25 12:30:00,35.8,26.3,76,3.1,894
2025-01-25 12:35:00,35.56,26.2,75,3.6,882
2025-01-25 12:40:00,35.260000000000005,26.2,76,3.6,888
2025-01-25 12:45:00,35.260000000000005,26.1,76,4.0,885
2025-01-25 12:50:00,35.12,26.1,75,3.1,882
2025-01-25 12:55:00,34.68,26.1,75,3.6,882
2025-01-25 13:00:00,34.38,25.9,76,4.0,878
2025-01-25 13:05:00,34.78,26.1,75,3.6,868
2025-01-25 13:10:00,35.28,26.0,75,3.6,864
2025-01-25 13:15:00,34.86,26.1,75,4.0,859
2025-01-25 13:20:00,36.02,26.1,75,3.1,853
2025-01-25 13:25:00,35.4,26.1,74,3.6,850
2025-01-25 13:30:00,35.28,26.3,75,3.1,841
2025-01-25 13:35:00,35.14,26.4,74,3.6,829
2025-01-25 13:40:00,35.06,26.2,74,4.0,829
2025-01-25 13:45:00,36.24,25.9,75,3.6,819
2025-01-25 13:50:00,35.980000000000004,26.2,76,2.2,815
2025-01-25 13:55:00,35.96,26.6,74,3.1,807
2025-01-25 14:00:00,36.06,26.9,72,3.1,802
2025-01-25 14:05:00,36.24,27.0,73,2.7,793
2025-01-25 14:10:00,35.54,27.1,72,2.7,780
2025-01-25 14:15:00,35.94,26.9,71,3.1,773
2025-01-25 14:20:00,35.52,26.6,73,4.0,764
2025-01-25 14:25:00,36.36,26.4,74,3.1,755
2025-01-25 14:30:00,35.480000000000004,26.6,73,3.6,746
2025-01-25 14:35:00,35.44,26.5,73,3.6,737
2025-01-25 14:40:00,36.08,26.4,74,3.1,736
2025-01-25 14:45:00,35.8,26.7,72,3.6,726
2025-01-25 14:50:00,36.16,26.7,73,3.6,715
2025-01-25 14:55:00,35.62,26.4,72,3.6,701
2025-01-25 15:00:00,35.54,26.2,74,3.1,696
2025-01-25 15:05:00,35.660000000000004,26.3,73,3.1,680
2025-01-25 15:10:00,35.46,26.1,73,3.6,664
2025-01-25 15:15:00,34.9,26.0,73,3.6,648
2025-01-25 15:20:00,35.7,26.3,73,3.1,645
2025-01-25 15:25:00,35.1,26.2,72,3.6,644
2025-01-25 15:30:00,35.84,26.2,73,3.6,644
2025-01-25 15:35:00,35.94,26.4,73,3.6,657
2025-01-25 15:40:00,36.18,26.2,73,4.0,665
2025-01-25 15:45:00,36.18,26.4,72,3.6,682
2025-01-25 15:50:00,36.04,26.3,73,4.0,689
2025-01-25 15:55:00,32.4,26.5,72,3.6,585
2025-01-25 16:00:00,31.4,26.1,72,4.0,391
2025-01-26 10:00:00,37.5,25.4,79,1.8,671
2025-01-26 10:05:00,36.28,25.6,78,1.8,627
2025-01-26 10:10:00,37.78,25.7,78,2.2,665
2025-01-26 10:15:00,36.56,25.9,78,2.2,694
2025-01-26 10:20:00,37.7,26.1,78,2.7,710
2025-01-26 10:25:00,38.42,26.3,77,2.2,721
2025-01-26 10:30:00,38.2,26.5,76,2.2,747
2025-01-26 10:35:00,38.62,26.4,76,2.2,771
2025-01-26 10:40:00,38.62,26.4,76,2.2,765
2025-01-26 10:45:00,38.84,26.6,76,1.8,778
2025-01-26 10:50:00,37.46,26.9,75,1.8,779
2025-01-26 10:55:00,37.0,26.9,74,2.7,820
2025-01-26 11:00:00,37.34,26.9,74,2.7,824
2025-01-26 11:05:00,37.88,27.1,74,2.2,831
2025-01-26 11:10:00,37.36,27.1,74,2.7,836
2025-01-26 11:15:00,35.96,27.0,74,3.1,840
2025-01-26 11:20:00,36.1,26.8,74,3.1,820
2025-01-26 11:25:00,36.68,26.9,74,3.1,832
2025-01-26 11:30:00,36.88,26.7,74,3.1,849
2025-01-26 11:35:00,37.42,26.7,74,3.1,868
2025-01-26 11:40:00,37.4,26.9,73,3.1,878
2025-01-26 11:45:00,37.34,26.9,73,2.7,891
2025-01-26 11:50:00,36.52,27.1,73,2.7,851
2025-01-26 11:55:00,36.4,27.1,72,3.1,820
2025-01-26 12:00:00,36.44,27.3,72,3.1,825
2025-01-26 12:05:00,35.96,27.4,71,2.7,833
2025-01-26 12:10:00,36.260000000000005,27.0,71,4.0,880
2025-01-26 12:15:00,37.12,27.2,71,3.1,894
2025-01-26 12:20:00,36.64,27.4,69,3.1,883
2025-01-26 12:25:00,37.42,27.4,69,3.1,893
2025-01-26 12:30:00,36.46,27.3,69,3.1,885
2025-01-26 12:35:00,35.68,27.3,69,3.6,883
2025-01-26 12:40:00,36.54,27.3,70,3.1,885
2025-01-26 12:45:00,36.02,27.5,69,3.1,872
2025-01-26 12:50:00,35.779999999999994,27.8,70,3.6,862
2025-01-26 12:55:00,36.84,27.8,70,3.1,859
2025-01-26 13:00:00,37.46,27.7,70,3.1,857
2025-01-26 13:05:00,37.78,27.6,69,3.1,857
2025-01-26 13:10:00,36.68,27.1,70,4.0,847
2025-01-26 13:15:00,37.42,26.9,71,3.1,851
2025-01-26 13:20:00,36.760000000000005,26.9,71,4.0,845
2025-01-26 13:25:00,37.02,26.9,71,3.6,843
2025-01-26 13:30:00,37.82,26.9,71,3.6,832
2025-01-26 13:35:00,37.36,26.9,71,3.1,823
2025-01-26 13:40:00,37.52,26.9,71,3.6,818
2025-01-26 13:45:00,36.88,27.2,71,3.1,807
2025-01-26 13:50:00,37.2,27.1,70,3.1,800
2025-01-26 13:55:00,36.96,27.1,71,2.7,796
2025-01-26 14:00:00,37.04,27.0,70,4.5,792
2025-01-26 14:05:00,37.52,27.1,71,2.2,790
2025-01-26 14:10:00,38.48,27.2,70,3.1,779
2025-01-26 14:15:00,38.58,27.2,71,2.7,772
2025-01-26 14:20:00,38.68,27.4,70,3.1,763
2025-01-26 14:25:00,37.64,27.6,69,3.1,764
2025-01-26 14:30:00,38.4,27.8,69,3.1,752
2025-01-26 14:35:00,38.62,27.9,68,3.1,747
2025-01-26 14:40:00,38.74,27.8,68,3.1,743
2025-01-26 14:45:00,39.66,27.6,69,2.7,742
2025-01-26 14:50:00,39.48,27.9,69,2.7,745
2025-01-26 14:55:00,38.94,28.2,68,2.7,711
2025-01-26 15:00:00,38.72,28.2,67,3.1,707
2025-01-26 15:05:00,38.96,27.8,67,3.1,735
2025-01-26 15:10:00,37.42,27.6,68,3.1,706
2025-01-26 15:15:00,37.0,27.3,68,3.1,628
2025-01-26 15:20:00,36.14,27.2,69,2.7,565
2025-01-26 15:25:00,33.160000000000004,27.1,69,2.2,362
2025-01-26 15:30:00,33.08,26.8,70,3.1,313
2025-01-26 15:35:00,35.5,26.5,71,2.7,408
2025-01-26 15:40:00,37.5,26.4,71,3.1,578
2025-01-26 15:45:00,38.82,26.7,71,2.2,593
2025-01-26 15:50:00,38.42,27.1,70,2.2,591
2025-01-26 15:55:00,38.36,27.2,69,2.2,575
2025-01-26 16:00:00,37.3,27.1,69,2.7,546
2025-01-27 10:00:00,37.8,27.1,78,1.8,665
2025-01-27 10:05:00,38.52,27.2,79,2.2,683
2025-01-27 10:10:00,38.72,27.3,78,1.8,693
2025-01-27 10:15:00,37.68,27.4,78,2.2,712
2025-01-27 10:20:00,37.0,27.5,77,2.2,722
2025-01-27 10:25:00,38.12,27.4,77,2.2,733
2025-01-27 10:30:00,38.52,27.6,77,1.8,744
2025-01-27 10:35:00,38.78,27.8,76,1.8,750
2025-01-27 10:40:00,39.2,27.8,76,2.2,754
2025-01-27 10:45:00,38.64,28.0,74,1.8,774
2025-01-27 10:50:00,38.66,27.9,74,2.7,790
2025-01-27 10:55:00,39.4,28.0,75,2.2,794
2025-01-27 11:00:00,38.56,28.2,74,2.2,808
2025-01-27 11:05:00,38.84,28.3,73,2.7,818
2025-01-27 11:10:00,39.2,28.3,73,2.2,824
2025-01-27 11:15:00,39.98,28.4,72,2.2,832
2025-01-27 11:20:00,38.56,28.7,73,2.2,840
2025-01-27 11:25:00,38.68,28.7,71,2.2,854
2025-01-27 11:30:00,38.34,28.8,72,2.2,859
2025-01-27 11:35:00,39.46,28.9,71,2.7,857
2025-01-27 11:40:00,38.1,28.9,71,2.7,863
2025-01-27 11:45:00,38.14,28.8,70,2.7,865
2025-01-27 11:50:00,39.08,28.6,72,2.7,871
2025-01-27 11:55:00,39.0,28.6,72,2.7,871
2025-01-27 12:00:00,39.64,28.7,72,2.7,878
2025-01-27 12:05:00,39.16,28.9,71,2.2,881
2025-01-27 12:10:00,39.68,29.1,72,2.2,882
2025-01-27 12:15:00,39.54,29.3,71,2.2,884
2025-01-27 12:20:00,38.6,29.4,70,2.2,891
2025-01-27 12:25:00,38.0,29.6,69,2.2,883
2025-01-27 12:30:00,39.12,29.3,69,2.7,884
2025-01-27 12:35:00,39.58,29.3,70,2.7,884
2025-01-27 12:40:00,38.66,29.3,70,2.7,887
2025-01-27 12:45:00,38.32,29.2,70,3.1,885
2025-01-27 12:50:00,38.98,29.1,71,2.7,884
2025-01-27 12:55:00,38.92,29.1,70,2.7,881
2025-01-27 13:00:00,38.32,29.1,70,3.1,875
2025-01-27 13:05:00,39.0,28.7,71,2.7,872
2025-01-27 13:10:00,39.46,28.9,72,1.8,865
2025-01-27 13:15:00,38.74,28.9,70,2.7,862
2025-01-27 13:20:00,38.56,28.9,71,2.7,861
2025-01-27 13:25:00,37.66,28.8,70,2.7,855
2025-01-27 13:30:00,37.52,28.7,70,2.7,845
2025-01-27 13:35:00,38.1,28.4,72,2.7,847
2025-01-27 13:40:00,39.1,28.1,72,3.1,848
2025-01-27 13:45:00,39.0,28.2,72,2.7,860
2025-01-27 13:50:00,38.16,28.5,71,2.7,863
2025-01-27 13:55:00,39.54,28.7,69,2.7,889
2025-01-27 14:00:00,40.18,28.9,70,2.2,891
2025-01-27 14:05:00,37.6,29.1,68,2.7,804
2025-01-27 14:10:00,38.36,28.8,67,2.7,741
2025-01-27 14:15:00,38.9,28.7,68,2.7,836
2025-01-27 14:20:00,39.48,28.8,67,2.2,803
2025-01-27 14:25:00,37.84,28.9,67,2.7,782
2025-01-27 14:30:00,35.7,28.8,64,2.7,650
2025-01-27 14:35:00,36.06,28.6,67,2.7,473
2025-01-27 14:40:00,34.96,28.3,68,2.2,506
2025-01-27 14:45:00,34.46,27.9,69,2.2,440
2025-01-27 14:50:00,33.88,27.6,70,2.2,414
2025-01-27 14:55:00,33.56,27.4,70,2.2,361
2025-01-27 15:00:00,33.3,27.2,69,2.7,351
2025-01-27 15:05:00,33.8,27.2,70,2.2,359
2025-01-27 15:10:00,32.48,27.2,70,2.2,369
2025-01-27 15:15:00,31.92,27.1,70,2.2,339
2025-01-27 15:20:00,31.48,26.8,71,2.2,322
2025-01-27 15:25:00,31.4,26.6,73,2.2,309
2025-01-27 15:30:00,30.98,26.4,73,2.2,301
2025-01-27 15:35:00,30.7,26.1,74,2.7,280
2025-01-27 15:40:00,30.42,25.9,75,2.2,265
2025-01-27 15:45:00,29.72,25.8,76,2.2,254
2025-01-27 15:50:00,29.7,25.6,77,2.2,251
2025-01-27 15:55:00,29.9,25.6,78,1.8,244
2025-01-27 16:00:00,29.9,25.4,78,1.8,240
2025-01-28 10:00:00,37.9,27.4,74,2.2,667
2025-01-28 10:05:00,39.12,27.3,75,2.2,682
2025-01-28 10:10:00,39.36,27.2,75,1.8,698
2025-01-28 10:15:00,38.88,27.2,76,2.2,700
2025-01-28 10:20:00,40.32,27.3,76,1.8,694
2025-01-28 10:25:00,38.62,27.6,75,1.8,717
2025-01-28 10:30:00,38.84,27.7,74,1.8,726
2025-01-28 10:35:00,39.86,27.8,74,1.8,735
2025-01-28 10:40:00,39.96,27.6,75,1.3,748
2025-01-28 10:45:00,39.82,27.8,75,2.2,764
2025-01-28 10:50:00,39.72,27.9,74,2.2,783
2025-01-28 10:55:00,41.02,27.8,73,2.2,773
2025-01-28 11:00:00,39.64,28.2,74,2.2,783
2025-01-28 11:05:00,39.64,28.4,72,2.7,797
2025-01-28 11:10:00,40.94,28.3,73,1.8,797
2025-01-28 11:15:00,40.64,28.6,72,1.8,813
2025-01-28 11:20:00,40.28,28.7,70,2.2,822
2025-01-28 11:25:00,40.9,28.8,71,2.7,826
2025-01-28 11:30:00,40.760000000000005,28.9,70,2.2,832
2025-01-28 11:35:00,40.260000000000005,29.0,70,2.2,843
2025-01-28 11:40:00,38.96,28.9,71,2.2,847
2025-01-28 11:45:00,38.4,28.7,70,3.1,850
2025-01-28 11:50:00,39.98,28.5,71,2.7,853
2025-01-28 11:55:00,40.38,28.6,72,2.2,857
2025-01-28 12:00:00,39.82,28.9,70,2.7,860
2025-01-28 12:05:00,39.58,28.9,70,2.7,860
2025-01-28 12:10:00,39.52,28.8,70,2.2,865
2025-01-28 12:15:00,39.48,28.7,71,2.7,872
2025-01-28 12:20:00,40.44,28.4,72,2.7,873
2025-01-28 12:25:00,39.06,28.3,72,2.7,882
2025-01-28 12:30:00,40.260000000000005,28.4,71,3.1,898
2025-01-28 12:35:00,38.96,28.5,71,2.2,880
2025-01-28 12:40:00,39.82,28.1,71,3.6,929
2025-01-28 12:45:00,39.02,28.2,71,3.1,932
2025-01-28 12:50:00,40.16,28.2,70,3.1,862
2025-01-28 12:55:00,40.44,28.3,70,2.2,987
2025-01-28 13:00:00,36.56,28.2,70,2.2,790
2025-01-28 13:05:00,33.12,28.1,69,2.2,415
2025-01-28 13:10:00,33.2,27.7,69,2.7,326
2025-01-28 13:15:00,35.2,27.4,70,2.2,403
2025-01-28 13:20:00,38.86,27.2,71,2.7,508
2025-01-28 13:25:00,37.0,27.6,71,2.2,825
2025-01-28 13:30:00,36.18,27.6,70,2.2,624
2025-01-28 13:35:00,35.98,27.3,71,2.7,518
2025-01-28 13:40:00,36.88,27.3,71,2.2,649
2025-01-28 13:45:00,36.9,27.3,71,2.2,487
2025-01-28 13:50:00,41.18,27.4,71,2.2,882
2025-01-28 13:55:00,38.02,28.0,71,2.2,912
2025-01-28 14:00:00,34.980000000000004,28.4,67,1.8,556
2025-01-28 14:05:00,32.84,28.1,67,2.2,338
2025-01-28 14:10:00,32.2,27.8,67,1.8,289
2025-01-28 14:15:00,31.82,27.6,69,1.8,256
2025-01-28 14:20:00,33.02,27.3,69,1.3,253
2025-01-28 14:25:00,38.86,27.1,71,1.8,488
2025-01-28 14:30:00,38.48,27.3,71,1.3,790
2025-01-28 14:35:00,40.96,27.6,72,1.8,723
2025-01-28 14:40:00,42.48,27.9,70,2.2,793
2025-01-28 14:45:00,43.260000000000005,28.1,70,1.8,850
2025-01-28 14:50:00,41.04,28.3,69,2.2,818
2025-01-28 14:55:00,42.9,28.3,67,2.2,763
2025-01-28 15:00:00,42.94,28.5,67,1.8,795
2025-01-28 15:05:00,43.9,28.9,66,1.8,762
2025-01-28 15:10:00,42.94,29.1,65,1.3,789
2025-01-28 15:15:00,40.88,29.2,64,1.8,594
2025-01-28 15:20:00,37.72,29.2,64,1.3,549
2025-01-28 15:25:00,36.54,29.1,64,1.8,398
2025-01-28 15:30:00,35.88,28.9,65,1.8,353
2025-01-28 15:35:00,35.44,28.9,65,1.8,311
2025-01-28 15:40:00,34.160000000000004,28.7,66,1.3,331
2025-01-28 15:45:00,33.42,28.6,67,1.8,310
2025-01-28 15:50:00,32.78,28.4,67,1.8,239
2025-01-28 15:55:00,32.14,28.3,68,2.2,201
2025-01-28 16:00:00,31.7,28.2,68,1.8,176
2025-01-29 10:00:00,40.34,28.5,73,2.2,686
2025-01-29 10:05:00,41.3,28.8,72,1.8,689
2025-01-29 10:10:00,40.7,28.9,72,1.8,710
2025-01-29 10:15:00,39.940000000000005,29.0,72,2.2,697
2025-01-29 10:20:00,39.6,29.1,71,1.8,705
2025-01-29 10:25:00,38.78,29.2,71,2.2,629
2025-01-29 10:30:00,40.1,29.3,71,2.2,716
2025-01-29 10:35:00,40.16,29.3,71,1.8,777
2025-01-29 10:40:00,40.04,29.4,71,2.2,752
2025-01-29 10:45:00,39.82,29.4,71,2.2,752
2025-01-29 10:50:00,38.14,29.3,70,2.2,665
2025-01-29 10:55:00,39.12,29.2,69,2.7,607
2025-01-29 11:00:00,39.88,29.0,71,2.2,771
2025-01-29 11:05:00,38.84,28.9,71,3.1,780
2025-01-29 11:10:00,38.86,29.2,69,2.7,814
2025-01-29 11:15:00,40.1,29.2,70,2.7,833
2025-01-29 11:20:00,39.44,29.4,69,2.2,820
2025-01-29 11:25:00,39.28,29.2,68,3.1,786
2025-01-29 11:30:00,39.38,29.2,69,2.7,813
2025-01-29 11:35:00,39.02,29.2,68,2.7,829
2025-01-29 11:40:00,39.16,29.2,69,2.7,854
2025-01-29 11:45:00,39.36,29.4,69,2.7,841
2025-01-29 11:50:00,39.22,29.5,68,2.7,835
2025-01-29 11:55:00,38.28,29.6,67,2.7,809
2025-01-29 12:00:00,38.08,29.4,67,3.1,830
2025-01-29 12:05:00,38.32,29.4,68,2.7,845
2025-01-29 12:10:00,39.44,29.4,68,2.7,844
2025-01-29 12:15:00,39.8,29.6,66,2.7,920
2025-01-29 12:20:00,39.9,29.7,64,2.7,902
2025-01-29 12:25:00,39.82,29.8,65,2.2,920
2025-01-29 12:30:00,39.260000000000005,29.6,65,2.7,909
2025-01-29 12:35:00,40.16,29.2,65,2.7,886
2025-01-29 12:40:00,39.46,29.1,65,2.7,892
2025-01-29 12:45:00,39.94,28.9,65,3.1,895
2025-01-29 12:50:00,40.1,29.2,65,2.7,892
2025-01-29 12:55:00,40.78,29.0,66,2.7,887
2025-01-29 13:00:00,40.4,29.3,66,2.7,879
2025-01-29 13:05:00,40.46,29.5,64,3.1,881
2025-01-29 13:10:00,40.72,29.6,64,3.1,885
2025-01-29 13:15:00,41.34,29.8,64,2.2,876
2025-01-29 13:20:00,39.46,30.1,63,2.2,860
2025-01-29 13:25:00,39.22,29.8,64,2.7,827
2025-01-29 13:30:00,39.42,29.7,63,2.7,817
2025-01-29 13:35:00,39.32,29.4,63,3.1,826
2025-01-29 13:40:00,39.64,29.2,65,3.1,838
2025-01-29 13:45:00,38.48,29.2,64,3.1,773
2025-01-29 13:50:00,39.24,29.2,65,3.1,759
2025-01-29 13:55:00,39.14,29.4,63,2.7,786
2025-01-29 14:00:00,39.94,29.3,63,2.7,811
2025-01-29 14:05:00,38.94,29.4,63,3.1,819
2025-01-29 14:10:00,38.86,29.6,62,2.7,793
2025-01-29 14:15:00,39.62,29.4,62,2.7,776
2025-01-29 14:20:00,39.34,29.4,62,2.7,775
2025-01-29 14:25:00,37.16,29.4,63,3.1,779
2025-01-29 14:30:00,35.5,29.3,62,2.7,464
2025-01-29 14:35:00,34.58,28.9,63,2.7,312
2025-01-29 14:40:00,38.44,28.6,65,2.7,540
2025-01-29 14:45:00,37.42,28.7,65,3.1,701
2025-01-29 14:50:00,38.56,28.4,66,3.6,679
2025-01-29 14:55:00,38.8,28.3,66,2.7,656
2025-01-29 15:00:00,38.66,28.7,66,2.7,645
2025-01-29 15:05:00,39.260000000000005,29.0,64,2.2,642
2025-01-29 15:10:00,38.08,29.1,64,2.7,612
2025-01-29 15:15:00,37.98,29.2,64,2.2,616
2025-01-29 15:20:00,39.3,29.3,63,2.2,608
2025-01-29 15:25:00,38.44,29.2,63,2.7,589
2025-01-29 15:30:00,38.56,28.8,64,2.7,565
2025-01-29 15:35:00,38.86,28.9,64,2.2,576
2025-01-29 15:40:00,37.9,29.0,64,2.2,563
2025-01-29 15:45:00,36.24,28.9,63,2.7,466
2025-01-29 15:50:00,35.96,28.8,64,2.7,451
2025-01-29 15:55:00,36.06,28.7,64,2.2,424
2025-01-29 16:00:00,36.5,28.7,65,1.8,394
2025-01-30 10:00:00,36.18,27.4,77,1.3,558
2025-01-30 10:05:00,35.260000000000005,27.3,75,1.8,389
2025-01-30 10:10:00,35.22,27.2,76,1.8,415
2025-01-30 10:15:00,35.67999999999999,27.1,76,1.8,536
2025-01-30 10:20:00,36.04,27.2,77,1.8,525
2025-01-30 10:25:00,34.879999999999995,27.3,76,1.3,506
2025-01-30 10:30:00,35.06,27.3,75,1.8,422
2025-01-30 10:35:00,34.32,27.3,75,1.8,462
2025-01-30 10:40:00,33.760000000000005,27.0,75,2.2,457
2025-01-30 10:45:00,34.38,26.9,75,1.8,432
2025-01-30 10:50:00,33.92,26.9,76,1.8,528
2025-01-30 10:55:00,33.2,26.9,75,1.8,498
2025-01-30 11:00:00,33.56,27.1,74,1.8,485
2025-01-30 11:05:00,33.660000000000004,26.9,74,2.2,483
2025-01-30 11:10:00,34.4,26.8,74,1.8,459
2025-01-30 11:15:00,35.260000000000005,26.9,75,1.8,513
2025-01-30 11:20:00,37.24,27.1,75,2.2,624
2025-01-30 11:25:00,38.86,27.3,76,1.8,777
2025-01-30 11:30:00,39.12,27.7,75,2.2,828
2025-01-30 11:35:00,40.46,28.1,74,2.2,902
2025-01-30 11:40:00,41.34,28.3,72,2.7,925
2025-01-30 11:45:00,40.42,28.5,72,2.2,948
2025-01-30 11:50:00,39.760000000000005,28.5,72,2.7,943
2025-01-30 11:55:00,38.5,28.6,72,2.7,929
2025-01-30 12:00:00,38.52,28.3,73,2.7,918
2025-01-30 12:05:00,40.2,28.4,72,2.7,912
2025-01-30 12:10:00,39.94,28.6,71,2.2,917
2025-01-30 12:15:00,39.28,28.7,71,2.2,911
2025-01-30 12:20:00,39.4,28.7,70,2.7,839
2025-01-30 12:25:00,39.72,28.8,70,2.7,912
2025-01-30 12:30:00,40.68,29.0,68,2.2,942
2025-01-30 12:35:00,40.74,29.2,68,3.1,941
2025-01-30 12:40:00,40.68,29.4,67,3.1,965
2025-01-30 12:45:00,39.9,29.5,66,2.7,936
2025-01-30 12:50:00,39.5,29.6,67,3.1,958
2025-01-30 12:55:00,40.12,29.7,65,3.1,954
2025-01-30 13:00:00,38.98,29.7,66,2.7,918
2025-01-30 13:05:00,37.36,29.7,66,3.1,848
2025-01-30 13:10:00,38.22,29.4,66,2.7,734
2025-01-30 13:15:00,39.4,29.4,65,3.6,866
2025-01-30 13:20:00,40.44,29.6,66,3.1,930
2025-01-30 13:25:00,37.44,29.6,65,3.6,912
2025-01-30 13:30:00,37.3,29.3,66,3.1,760
2025-01-30 13:35:00,38.46,29.3,67,3.1,794
2025-01-30 13:40:00,36.1,29.4,64,2.7,728
2025-01-30 13:45:00,37.98,29.2,65,2.7,621
2025-01-30 13:50:00,38.58,29.1,65,2.7,819
2025-01-30 13:55:00,39.760000000000005,29.3,67,2.7,898
2025-01-30 14:00:00,39.720000000000006,29.4,66,3.1,897
2025-01-30 14:05:00,40.12,29.4,65,2.7,861
2025-01-30 14:10:00,39.64,29.5,65,3.1,865
2025-01-30 14:15:00,38.08,29.4,65,3.6,848
2025-01-30 14:20:00,35.72,29.3,64,3.1,525
2025-01-30 14:25:00,35.36,28.9,65,2.7,584
2025-01-30 14:30:00,35.980000000000004,28.8,67,2.7,577
2025-01-30 14:35:00,33.82,28.6,66,2.7,501
2025-01-30 14:40:00,35.54,28.4,67,2.7,532
2025-01-30 14:45:00,36.78,28.4,67,2.2,626
2025-01-30 14:50:00,35.58,28.5,67,2.7,552
2025-01-30 14:55:00,38.82,28.4,67,3.1,596
2025-01-30 15:00:00,40.48,28.7,67,2.7,823
2025-01-30 15:05:00,38.67999999999999,29.1,66,2.7,818
2025-01-30 15:10:00,37.02,29.1,66,3.1,691
2025-01-30 15:15:00,34.660000000000004,28.9,65,2.7,415
2025-01-30 15:20:00,35.82,28.7,67,2.2,500
2025-01-30 15:25:00,35.86,28.6,67,2.2,407
2025-01-30 15:30:00,38.58,28.4,68,1.8,521
2025-01-30 15:35:00,39.32000000000001,28.7,68,1.8,590
2025-01-30 15:40:00,39.24,28.9,67,2.7,608
2025-01-30 15:45:00,39.5,28.8,66,2.2,600
2025-01-30 15:50:00,39.42,28.9,66,2.7,594
2025-01-30 15:55:00,39.94,28.9,65,2.2,600
2025-01-30 16:00:00,39.0,29.1,67,2.2,630
2025-01-31 10:00:00,33.260000000000005,23.9,88,0.9,363
2025-01-31 10:05:00,33.56,24.1,88,1.3,374
2025-01-31 10:10:00,34.06,24.3,87,1.3,405
2025-01-31 10:15:00,34.86,24.4,87,1.3,459
2025-01-31 10:20:00,37.34,24.6,86,1.3,516
2025-01-31 10:25:00,39.78,24.8,86,1.8,607
2025-01-31 10:30:00,37.56,25.1,86,1.8,866
2025-01-31 10:35:00,39.8,25.3,84,1.8,607
2025-01-31 10:40:00,37.58,25.6,84,1.3,899
2025-01-31 10:45:00,35.779999999999994,25.7,82,1.8,561
2025-01-31 10:50:00,34.56,25.6,82,1.3,487
2025-01-31 10:55:00,34.08,25.6,82,1.3,475
2025-01-31 11:00:00,34.22,25.7,82,1.8,451
2025-01-31 11:05:00,35.78,25.6,82,1.8,456
2025-01-31 11:10:00,39.24,25.6,82,1.3,426
2025-01-31 11:15:00,38.14,25.8,82,2.2,952
2025-01-31 11:20:00,40.24,25.9,81,2.2,830
2025-01-31 11:25:00,36.92,26.1,81,2.7,910
2025-01-31 11:30:00,38.56,26.2,79,2.2,582
2025-01-31 11:35:00,40.84,26.2,80,1.8,803
2025-01-31 11:40:00,39.82,26.8,79,1.8,1018
2025-01-31 11:45:00,38.06,27.3,77,2.7,951
2025-01-31 11:50:00,38.72,27.1,77,2.7,786
2025-01-31 11:55:00,38.78,27.2,76,2.7,881
2025-01-31 12:00:00,38.0,27.2,76,2.7,831
2025-01-31 12:05:00,39.82,27.3,76,2.2,779
2025-01-31 12:10:00,39.4,27.4,75,2.7,950
2025-01-31 12:15:00,39.74,27.4,76,2.2,950
2025-01-31 12:20:00,37.62,27.4,76,2.7,927
2025-01-31 12:25:00,35.06,27.6,75,2.2,811
2025-01-31 12:30:00,37.52,27.2,74,2.7,535
2025-01-31 12:35:00,38.92,26.9,75,2.7,895
2025-01-31 12:40:00,38.94,26.9,76,2.7,982
2025-01-31 12:45:00,39.16,27.1,75,3.1,1001
2025-01-31 12:50:00,39.02,27.2,75,2.7,1007
2025-01-31 12:55:00,39.62,27.4,74,3.1,1008
2025-01-31 13:00:00,39.22,27.6,73,2.7,1007
2025-01-31 13:05:00,39.64,27.8,72,2.7,1001
2025-01-31 13:10:00,38.74,27.8,71,2.7,992
2025-01-31 13:15:00,39.120000000000005,27.8,70,3.1,990
2025-01-31 13:20:00,39.08,27.9,70,2.7,887
2025-01-31 13:25:00,40.62,28.2,69,2.7,993
2025-01-31 13:30:00,39.6,28.0,69,3.1,1027
2025-01-31 13:35:00,38.92,28.1,68,2.7,803
2025-01-31 13:40:00,40.16,28.2,68,2.2,881
2025-01-31 13:45:00,40.86,28.6,67,2.7,1011
2025-01-31 13:50:00,39.48,28.8,66,2.7,946
2025-01-31 13:55:00,39.78,29.0,63,2.2,827
2025-01-31 14:00:00,38.78,28.8,65,2.7,901
2025-01-31 14:05:00,36.18,28.7,64,2.7,769
2025-01-31 14:10:00,38.0,28.4,65,2.7,537
2025-01-31 14:15:00,38.24,28.4,67,2.7,732
2025-01-31 14:20:00,34.52,28.6,65,2.7,709
2025-01-31 14:25:00,34.2,28.3,65,2.7,450
2025-01-31 14:30:00,36.94,27.9,68,2.7,437
2025-01-31 14:35:00,37.84,27.8,69,2.7,782
2025-01-31 14:40:00,40.760000000000005,27.8,68,2.7,723
2025-01-31 14:45:00,40.36,27.8,68,2.7,895
2025-01-31 14:50:00,36.56,28.1,66,2.7,886
2025-01-31 14:55:00,35.36,28.1,65,2.2,628
2025-01-31 15:00:00,34.42,27.8,66,2.2,471
2025-01-31 15:05:00,32.34,27.6,66,2.2,376
2025-01-31 15:10:00,30.74,27.3,67,1.8,304
2025-01-31 15:15:00,30.84,26.9,68,1.8,240
2025-01-31 15:20:00,31.22,26.6,69,1.8,253
2025-01-31 15:25:00,31.880000000000003,26.3,71,2.2,260
2025-01-31 15:30:00,32.1,26.1,72,2.2,350
2025-01-31 15:35:00,32.5,26.1,73,1.8,362
2025-01-31 15:40:00,31.52,26.2,73,2.2,352
2025-01-31 15:45:00,32.22,26.2,74,1.8,317
2025-01-31 15:50:00,31.52,26.1,74,1.8,319
2025-01-31 15:55:00,31.64,26.1,74,1.8,285
2025-01-31 16:00:00,32.0,26.1,74,1.8,294
2025-02-01 10:00:00,31.7,24.9,84,2.7,424
2025-02-01 10:05:00,32.739999999999995,24.6,85,2.2,478
2025-02-01 10:10:00,34.36,24.6,85,2.2,457
2025-02-01 10:15:00,35.02,24.6,85,2.2,505
2025-02-01 10:20:00,34.32,24.6,85,2.2,490
2025-02-01 10:25:00,35.14,24.7,85,2.2,495
2025-02-01 10:30:00,34.7,24.8,84,2.2,570
2025-02-01 10:35:00,36.44,24.8,84,1.8,516
2025-02-01 10:40:00,38.46,24.8,83,2.2,691
2025-02-01 10:45:00,39.16,24.8,84,2.7,854
2025-02-01 10:50:00,37.34,25.2,83,2.2,904
2025-02-01 10:55:00,39.62,25.3,83,2.2,918
2025-02-01 11:00:00,40.88,25.6,82,2.2,910
2025-02-01 11:05:00,39.38,25.9,81,1.8,943
2025-02-01 11:10:00,39.5,25.9,80,2.2,950
2025-02-01 11:15:00,40.32,26.1,80,2.2,885
2025-02-01 11:20:00,39.4,26.3,80,2.2,939
2025-02-01 11:25:00,38.92,26.4,79,2.2,952
2025-02-01 11:30:00,37.6,26.5,79,2.7,877
2025-02-01 11:35:00,39.0,26.4,78,2.2,943
2025-02-01 11:40:00,37.66,26.6,79,3.1,866
2025-02-01 11:45:00,38.96,26.6,78,2.2,809
2025-02-01 11:50:00,37.1,26.8,77,2.2,937
2025-02-01 11:55:00,38.3,26.7,77,2.7,961
2025-02-01 12:00:00,37.8,26.8,78,2.2,956
2025-02-01 12:05:00,37.5,26.9,77,2.7,908
2025-02-01 12:10:00,36.0,26.9,77,2.7,932
2025-02-01 12:15:00,36.62,26.8,76,2.7,628
2025-02-01 12:20:00,37.52,26.6,77,3.1,898
2025-02-01 12:25:00,38.0,26.4,78,2.7,862
2025-02-01 12:30:00,37.7,26.5,78,2.7,872
2025-02-01 12:35:00,37.24,26.6,77,3.1,866
2025-02-01 12:40:00,37.58,26.7,77,2.7,870
2025-02-01 12:45:00,37.56,26.8,77,2.2,870
2025-02-01 12:50:00,37.1,26.8,78,2.2,871
2025-02-01 12:55:00,36.88,27.1,77,3.1,873
2025-02-01 13:00:00,37.4,26.9,76,3.1,866
2025-02-01 13:05:00,36.82,27.1,77,2.2,864
2025-02-01 13:10:00,38.62,27.1,76,3.1,865
2025-02-01 13:15:00,37.98,27.4,76,1.8,862
2025-02-01 13:20:00,37.38,27.8,74,2.7,867
2025-02-01 13:25:00,36.66,27.9,72,3.1,843
2025-02-01 13:30:00,37.260000000000005,27.5,74,3.1,831
2025-02-01 13:35:00,36.9,27.6,73,2.7,834
2025-02-01 13:40:00,37.2,27.7,74,3.1,827
2025-02-01 13:45:00,37.06,27.4,74,4.0,821
2025-02-01 13:50:00,36.92,27.3,75,3.6,824
2025-02-01 13:55:00,36.42,27.5,75,3.6,819
2025-02-01 14:00:00,36.48,27.3,74,4.5,810
2025-02-01 14:05:00,36.36,27.1,75,3.6,804
2025-02-01 14:10:00,36.1,26.9,74,4.0,802
2025-02-01 14:15:00,36.56,26.9,75,4.5,787
2025-02-01 14:20:00,36.94,27.2,74,3.6,791
2025-02-01 14:25:00,37.16,27.4,74,2.7,782
2025-02-01 14:30:00,37.4,27.5,73,3.1,795
2025-02-01 14:35:00,37.36,27.7,72,3.6,799
2025-02-01 14:40:00,38.4,27.8,72,3.1,817
2025-02-01 14:45:00,39.1,27.7,73,2.7,820
2025-02-01 14:50:00,37.4,27.8,72,3.1,790
2025-02-01 14:55:00,37.24,27.7,71,3.1,721
2025-02-01 15:00:00,35.58,27.7,72,3.1,709
2025-02-01 15:05:00,33.8,27.7,72,3.6,584
2025-02-01 15:10:00,31.74,27.4,73,3.1,430
2025-02-01 15:15:00,31.059999999999995,27.0,74,3.1,307
2025-02-01 15:20:00,30.44,26.7,75,2.7,290
2025-02-01 15:25:00,29.860000000000003,26.6,75,2.7,271
2025-02-01 15:30:00,29.74,26.2,75,3.1,253
2025-02-01 15:35:00,29.4,26.0,77,2.7,233
2025-02-01 15:40:00,28.860000000000003,25.9,78,2.7,242
2025-02-01 15:45:00,28.22,25.7,78,2.7,194
2025-02-01 15:50:00,27.6,25.6,78,2.7,165
2025-02-01 15:55:00,27.72,25.3,79,3.1,158
2025-02-01 16:00:00,27.9,25.1,79,1.8,150
2025-02-02 10:00:00,33.64,25.9,82,2.2,531
2025-02-02 10:05:00,33.440000000000005,25.7,83,2.2,504
2025-02-02 10:10:00,35.82000000000001,25.7,83,2.2,507
2025-02-02 10:15:00,36.760000000000005,25.9,83,1.8,645
2025-02-02 10:20:00,36.86,26.1,83,1.8,623
2025-02-02 10:25:00,36.42,26.3,82,1.8,676
2025-02-02 10:30:00,36.68,26.5,80,1.8,555
2025-02-02 10:35:00,37.34,26.7,81,1.3,612
2025-02-02 10:40:00,39.1,26.9,80,1.8,661
2025-02-02 10:45:00,39.1,27.1,78,1.8,733
2025-02-02 10:50:00,38.54,27.3,78,1.3,611
2025-02-02 10:55:00,39.4,27.5,77,1.8,584
2025-02-02 11:00:00,39.6,27.7,76,1.8,613
2025-02-02 11:05:00,40.34,27.9,75,1.8,683
2025-02-02 11:10:00,39.0,28.1,76,1.8,726
2025-02-02 11:15:00,37.14,28.3,73,1.8,681
2025-02-02 11:20:00,35.92,28.2,72,2.7,554
2025-02-02 11:25:00,34.76,28.1,74,1.8,487
2025-02-02 11:30:00,33.58,28.0,73,2.2,401
2025-02-02 11:35:00,32.32,27.8,74,2.2,330
2025-02-02 11:40:00,31.46,27.7,75,2.2,258
2025-02-02 11:45:00,31.44,27.5,76,2.2,247
2025-02-02 11:50:00,32.879999999999995,27.2,77,2.2,289
2025-02-02 11:55:00,33.18,27.1,78,2.2,365
2025-02-02 12:00:00,34.52,26.9,77,2.7,403
2025-02-02 12:05:00,36.62,26.7,78,2.7,493
2025-02-02 12:10:00,39.24,26.9,79,2.2,706
2025-02-02 12:15:00,39.2,27.1,77,2.7,822
2025-02-02 12:20:00,37.3,27.1,77,2.2,718
2025-02-02 12:25:00,36.78,27.0,79,2.2,590
2025-02-02 12:30:00,36.68,27.1,78,1.8,528
2025-02-02 12:35:00,36.84,27.0,77,1.8,541
2025-02-02 12:40:00,35.42,26.9,77,1.8,458
2025-02-02 12:45:00,35.5,26.8,78,1.8,442
2025-02-02 12:50:00,34.44,27.0,78,1.3,410
2025-02-02 12:55:00,34.32,27.1,76,1.8,382
2025-02-02 13:00:00,35.480000000000004,27.2,76,1.8,387
2025-02-02 13:05:00,35.9,27.3,77,1.8,462
2025-02-02 13:10:00,35.38,27.5,76,1.8,483
2025-02-02 13:15:00,36.04,27.5,75,1.8,433
2025-02-02 13:20:00,39.3,27.6,76,1.8,522
2025-02-02 13:25:00,39.7,27.8,76,2.2,682
2025-02-02 13:30:00,37.7,28.1,75,2.2,728
2025-02-02 13:35:00,38.260000000000005,28.2,74,2.2,575
2025-02-02 13:40:00,39.12,28.3,74,2.7,566
2025-02-02 13:45:00,40.32,28.4,74,2.2,762
2025-02-02 13:50:00,39.92,28.6,73,2.2,797
2025-02-02 13:55:00,39.86,28.7,73,2.2,677
2025-02-02 14:00:00,35.44,28.7,72,2.2,632
2025-02-02 14:05:00,34.28,28.3,72,2.2,428
2025-02-02 14:10:00,33.02,28.2,73,1.8,368
2025-02-02 14:15:00,32.239999999999995,27.9,72,1.8,288
2025-02-02 14:20:00,32.0,27.5,73,1.8,287
2025-02-02 14:25:00,32.08,27.3,74,1.8,273
2025-02-02 14:30:00,32.08,27.2,74,1.3,262
2025-02-02 14:35:00,31.940000000000005,27.1,74,1.8,237
2025-02-02 14:40:00,32.82,26.9,76,1.8,258
2025-02-02 14:45:00,33.38,26.9,75,1.8,276
2025-02-02 14:50:00,35.52,27.0,75,1.8,355
2025-02-02 14:55:00,36.260000000000005,27.2,76,1.8,498
2025-02-02 15:00:00,37.02,27.3,75,1.8,514
2025-02-02 15:05:00,39.06,27.5,75,1.8,566
2025-02-02 15:10:00,39.6,27.9,74,2.2,629
2025-02-02 15:15:00,38.56,28.2,73,1.8,627
2025-02-02 15:20:00,34.36,28.4,71,1.8,563
2025-02-02 15:25:00,31.74,28.5,69,1.8,276
2025-02-02 15:30:00,30.54,27.9,70,1.8,170
2025-02-02 15:35:00,30.42,27.4,72,1.3,157
2025-02-02 15:40:00,29.78,27.3,73,0.9,143
2025-02-02 15:45:00,29.34,27.2,73,1.3,114
2025-02-02 15:50:00,28.84,27.1,73,0.9,105
2025-02-02 15:55:00,28.6,26.8,73,1.3,106
2025-02-02 16:00:00,28.5,26.7,74,1.3,106
2025-02-03 10:00:00,41.14,28.1,73,1.8,690
2025-02-03 10:05:00,40.7,28.3,73,1.8,707
2025-02-03 10:10:00,39.72,28.6,72,1.8,719
2025-02-03 10:15:00,38.1,28.7,70,2.7,729
2025-02-03 10:20:00,38.52,28.5,72,2.7,739
2025-02-03 10:25:00,37.88,28.3,72,2.7,757
2025-02-03 10:30:00,37.64,28.2,73,2.7,761
2025-02-03 10:35:00,37.6,27.9,73,2.7,770
2025-02-03 10:40:00,37.6,27.6,75,3.1,780
2025-02-03 10:45:00,38.54,27.7,74,2.2,792
2025-02-03 10:50:00,38.260000000000005,27.9,74,2.2,811
2025-02-03 10:55:00,39.14,27.8,72,2.7,827
2025-02-03 11:00:00,39.56,28.1,72,2.2,834
2025-02-03 11:05:00,37.96,28.4,71,2.7,845
2025-02-03 11:10:00,39.28,28.6,70,2.7,846
2025-02-03 11:15:00,39.6,28.7,69,2.2,854
2025-02-03 11:20:00,38.82,28.9,70,2.7,860
2025-02-03 11:25:00,39.32,28.9,71,2.7,867
2025-02-03 11:30:00,38.72,28.9,70,2.7,875
2025-02-03 11:35:00,38.72,29.0,70,2.7,873
2025-02-03 11:40:00,39.44,29.0,70,1.8,882
2025-02-03 11:45:00,39.78,29.2,70,2.2,887
2025-02-03 11:50:00,39.78,29.2,70,2.2,899
2025-02-03 11:55:00,38.96,29.3,70,2.2,903
2025-02-03 12:00:00,38.82000000000001,29.2,70,2.2,903
2025-02-03 12:05:00,39.02,29.1,70,2.7,902
2025-02-03 12:10:00,38.92,29.3,70,2.2,902
2025-02-03 12:15:00,39.42,29.4,70,2.7,903
2025-02-03 12:20:00,40.12,29.3,69,2.7,903
2025-02-03 12:25:00,40.54,29.3,69,2.7,907
2025-02-03 12:30:00,39.94,29.5,68,2.2,907
2025-02-03 12:35:00,38.7,29.5,68,2.7,905
2025-02-03 12:40:00,39.56,29.6,67,2.7,901
2025-02-03 12:45:00,40.6,29.7,67,2.7,904
2025-02-03 12:50:00,40.38,29.8,66,2.7,909
2025-02-03 12:55:00,40.98,29.9,66,2.7,902
2025-02-03 13:00:00,40.26,30.2,65,2.2,904
2025-02-03 13:05:00,41.08,30.3,65,2.2,906
2025-02-03 13:10:00,40.66,30.4,64,2.2,893
2025-02-03 13:15:00,41.02,30.3,65,2.7,887
2025-02-03 13:20:00,40.96,30.2,65,2.7,890
2025-02-03 13:25:00,40.0,30.4,65,2.2,870
2025-02-03 13:30:00,41.22,30.3,64,2.7,887
2025-02-03 13:35:00,40.0,30.3,65,2.2,799
2025-02-03 13:40:00,39.92,30.3,65,2.7,862
2025-02-03 13:45:00,40.28,30.6,65,2.7,837
2025-02-03 13:50:00,40.2,30.5,65,2.7,816
2025-02-03 13:55:00,40.92,30.6,64,2.7,817
2025-02-03 14:00:00,39.64,30.6,65,2.7,818
2025-02-03 14:05:00,41.38,30.6,65,2.7,800
2025-02-03 14:10:00,40.82,30.7,65,2.2,810
2025-02-03 14:15:00,41.14,30.8,63,2.7,803
2025-02-03 14:20:00,40.48,30.7,63,2.7,776
2025-02-03 14:25:00,39.98,30.6,64,2.2,757
2025-02-03 14:30:00,39.02,30.7,65,2.2,709
2025-02-03 14:35:00,38.86,30.7,64,2.7,599
2025-02-03 14:40:00,39.0,30.6,63,2.2,558
2025-02-03 14:45:00,39.18,30.3,64,2.2,554
2025-02-03 14:50:00,37.62,30.2,64,2.7,520
2025-02-03 14:55:00,36.38,30.1,64,2.2,471
2025-02-03 15:00:00,35.52,29.8,64,2.7,444
2025-02-03 15:05:00,35.660000000000004,29.6,65,2.2,419
2025-02-03 15:10:00,35.22,29.4,65,2.2,419
2025-02-03 15:15:00,35.64,29.3,65,2.2,393
2025-02-03 15:20:00,35.5,29.2,65,2.7,373
2025-02-03 15:25:00,34.52,29.3,64,2.2,357
2025-02-03 15:30:00,34.160000000000004,29.2,64,2.2,316
2025-02-03 15:35:00,33.8,29.1,64,2.2,299
2025-02-03 15:40:00,33.720000000000006,28.7,65,2.7,290
2025-02-03 15:45:00,33.480000000000004,28.7,66,1.8,291
2025-02-03 15:50:00,32.62,28.6,66,2.7,292
2025-02-03 15:55:00,32.120000000000005,28.2,67,3.6,268
2025-02-03 16:00:00,32.1,27.7,69,3.1,254
2025-02-04 10:00:00,39.8,28.8,69,1.3,486
2025-02-04 10:05:00,39.9,28.9,70,1.3,620
2025-02-04 10:10:00,37.78,28.9,69,2.2,609
2025-02-04 10:15:00,38.84,28.7,70,1.8,513
2025-02-04 10:20:00,40.44,28.6,71,1.8,589
2025-02-04 10:25:00,40.58,28.6,71,2.2,765
2025-02-04 10:30:00,37.82,28.8,72,2.2,764
2025-02-04 10:35:00,36.92,29.0,71,2.2,611
2025-02-04 10:40:00,36.72,28.9,70,2.7,616
2025-02-04 10:45:00,37.72,28.9,70,2.2,621
2025-02-04 10:50:00,38.8,28.9,70,2.2,713
2025-02-04 10:55:00,39.22,28.9,69,2.7,821
2025-02-04 11:00:00,40.66,29.0,70,2.2,825
2025-02-04 11:05:00,38.88,29.2,68,2.7,817
2025-02-04 11:10:00,37.12,29.2,68,2.7,564
2025-02-04 11:15:00,36.92,29.1,68,2.2,598
2025-02-04 11:20:00,35.64,29.1,69,2.2,535
2025-02-04 11:25:00,36.58,28.9,68,2.2,559
2025-02-04 11:30:00,38.58,28.8,69,2.7,680
2025-02-04 11:35:00,38.88,28.9,69,2.7,758
2025-02-04 11:40:00,38.3,29.1,69,2.2,775
2025-02-04 11:45:00,40.9,28.9,68,2.7,797
2025-02-04 11:50:00,41.52,29.2,68,2.7,913
2025-02-04 11:55:00,40.66,29.5,69,3.1,946
2025-02-04 12:00:00,38.04,29.7,67,2.7,695
2025-02-04 12:05:00,38.24,29.6,68,2.7,668
2025-02-04 12:10:00,38.02,29.6,67,2.7,900
2025-02-04 12:15:00,39.68,29.3,67,3.1,768
2025-02-04 12:20:00,38.18,29.2,68,2.7,931
2025-02-04 12:25:00,40.14,29.3,68,3.1,806
2025-02-04 12:30:00,40.08,29.4,67,2.7,875
2025-02-04 12:35:00,39.32,29.7,66,2.2,876
2025-02-04 12:40:00,38.56,29.8,63,2.7,857
2025-02-04 12:45:00,39.42,29.8,64,2.2,853
2025-02-04 12:50:00,39.32,29.8,63,2.2,864
2025-02-04 12:55:00,40.16,29.8,63,3.1,856
2025-02-04 13:00:00,39.86,29.8,64,2.2,858
2025-02-04 13:05:00,40.56,30.0,63,2.7,869
2025-02-04 13:10:00,40.04,29.9,62,2.7,883
2025-02-04 13:15:00,40.34,30.0,63,2.7,875
2025-02-04 13:20:00,39.8,29.9,62,3.1,879
2025-02-04 13:25:00,40.9,29.8,64,2.2,864
2025-02-04 13:30:00,39.86,29.9,64,2.7,892
2025-02-04 13:35:00,40.760000000000005,30.1,64,2.7,811
2025-02-04 13:40:00,38.98,29.7,66,3.1,857
2025-02-04 13:45:00,37.5,29.3,64,3.1,787
2025-02-04 13:50:00,36.3,29.1,65,2.7,529
2025-02-04 13:55:00,35.32,28.9,65,2.7,469
2025-02-04 14:00:00,35.46,28.7,67,2.7,448
2025-02-04 14:05:00,35.06,28.7,66,2.2,427
2025-02-04 14:10:00,35.4,28.5,67,2.7,446
2025-02-04 14:15:00,34.84,28.1,67,3.1,473
2025-02-04 14:20:00,35.760000000000005,27.8,70,2.7,522
2025-02-04 14:25:00,34.660000000000004,27.7,70,3.6,522
2025-02-04 14:30:00,34.260000000000005,27.4,70,3.6,455
2025-02-04 14:35:00,34.92,27.4,70,2.2,439
2025-02-04 14:40:00,34.94,27.6,71,2.2,475
2025-02-04 14:45:00,35.160000000000004,27.6,70,2.7,474
2025-02-04 14:50:00,34.779999999999994,27.6,71,2.2,448
2025-02-04 14:55:00,33.58,27.6,70,2.2,386
2025-02-04 15:00:00,32.62,27.6,70,2.2,364
2025-02-04 15:05:00,32.04,27.4,69,2.2,328
2025-02-04 15:10:00,31.54,27.3,69,2.2,267
2025-02-04 15:15:00,30.52,27.1,70,2.2,249
2025-02-04 15:20:00,30.54,26.8,71,1.8,216
2025-02-04 15:25:00,30.380000000000003,26.7,72,1.8,211
2025-02-04 15:30:00,29.860000000000003,26.8,72,1.8,195
2025-02-04 15:35:00,29.380000000000003,26.7,72,1.8,182
2025-02-04 15:40:00,28.84,26.6,72,1.8,157
2025-02-04 15:45:00,28.56,26.5,73,1.3,146
2025-02-04 15:50:00,28.72,26.3,73,2.2,145
2025-02-04 15:55:00,28.84,26.2,74,1.8,150
2025-02-04 16:00:00,29.1,26.2,74,1.3,155
2025-02-05 10:00:00,30.12,24.6,87,1.3,284
2025-02-05 10:05:00,30.46,24.4,87,1.8,288
2025-02-05 10:10:00,30.22,24.3,88,1.3,290
2025-02-05 10:15:00,30.08,24.2,88,1.3,291
2025-02-05 10:20:00,30.24,24.2,88,0.9,295
2025-02-05 10:25:00,30.3,24.2,88,1.3,306
2025-02-05 10:30:00,30.0,24.3,88,1.3,310
2025-02-05 10:35:00,30.360000000000003,24.2,88,1.3,302
2025-02-05 10:40:00,30.44,24.2,88,1.3,293
2025-02-05 10:45:00,30.360000000000003,24.3,89,1.3,286
2025-02-05 10:50:00,29.6,24.4,88,1.3,281
2025-02-05 10:55:00,29.56,24.5,88,1.3,280
2025-02-05 11:00:00,29.94,24.6,87,1.3,283
2025-02-05 11:05:00,30.58,24.5,87,1.8,294
2025-02-05 11:10:00,31.22,24.6,87,0.9,329
2025-02-05 11:15:00,32.14,24.7,87,1.3,392
2025-02-05 11:20:00,35.5,24.7,87,1.8,533
2025-02-05 11:25:00,38.2,25.0,87,1.8,697
2025-02-05 11:30:00,37.68,25.3,86,1.8,771
2025-02-05 11:35:00,36.36,25.6,85,1.8,714
2025-02-05 11:40:00,35.94,25.8,84,1.8,649
2025-02-05 11:45:00,37.54,25.8,84,1.8,606
2025-02-05 11:50:00,37.08,26.0,84,1.8,712
2025-02-05 11:55:00,36.8,26.4,83,1.8,592
2025-02-05 12:00:00,38.28,26.4,82,1.8,677
2025-02-05 12:05:00,38.88,26.6,82,1.8,773
2025-02-05 12:10:00,38.86,26.8,81,1.8,747
2025-02-05 12:15:00,37.940000000000005,27.1,80,1.3,659
2025-02-05 12:20:00,38.88,27.2,78,1.8,638
2025-02-05 12:25:00,38.74,27.4,77,2.2,756
2025-02-05 12:30:00,37.440000000000005,27.6,78,2.2,666
2025-02-05 12:35:00,40.62,27.7,76,1.8,700
2025-02-05 12:40:00,41.02,28.1,77,1.8,968
2025-02-05 12:45:00,41.14,28.6,75,2.7,964
2025-02-05 12:50:00,40.58,28.8,73,2.2,955
2025-02-05 12:55:00,39.8,29.2,72,2.2,949
2025-02-05 13:00:00,39.5,29.2,72,3.1,953
2025-02-05 13:05:00,39.0,29.2,72,2.2,938
2025-02-05 13:10:00,39.8,29.1,70,2.7,934
2025-02-05 13:15:00,41.2,29.1,72,2.2,937
2025-02-05 13:20:00,42.64,29.4,71,2.2,928
2025-02-05 13:25:00,41.1,29.7,69,2.2,929
2025-02-05 13:30:00,42.4,29.7,70,2.7,901
2025-02-05 13:35:00,41.48,29.7,69,2.7,897
2025-02-05 13:40:00,42.02,29.9,69,2.7,886
2025-02-05 13:45:00,43.6,29.9,67,2.7,955
2025-02-05 13:50:00,42.16,30.3,67,2.7,968
2025-02-05 13:55:00,42.7,30.1,66,2.7,944
2025-02-05 14:00:00,41.48,29.8,66,3.6,945
2025-02-05 14:05:00,40.92,29.7,66,3.1,932
2025-02-05 14:10:00,40.8,29.7,67,3.1,893
2025-02-05 14:15:00,41.46,29.8,68,2.7,897
2025-02-05 14:20:00,42.7,29.7,67,3.1,899
2025-02-05 14:25:00,39.82,29.8,67,3.1,898
2025-02-05 14:30:00,38.84,29.7,67,3.1,642
2025-02-05 14:35:00,40.46,29.6,67,3.1,763
2025-02-05 14:40:00,41.28,29.9,66,3.1,880
2025-02-05 14:45:00,42.120000000000005,30.1,67,3.1,874
2025-02-05 14:50:00,41.260000000000005,30.6,66,2.7,849
2025-02-05 14:55:00,41.44,30.7,64,2.7,781
2025-02-05 15:00:00,40.74,30.4,64,3.1,789
2025-02-05 15:05:00,40.58,30.1,65,3.1,807
2025-02-05 15:10:00,38.48,29.9,65,3.1,656
2025-02-05 15:15:00,37.94,29.6,67,2.7,492
2025-02-05 15:20:00,38.1,29.1,68,3.1,638
2025-02-05 15:25:00,36.24,29.1,68,2.2,439
2025-02-05 15:30:00,37.46,28.7,70,2.2,491
2025-02-05 15:35:00,35.6,28.9,69,2.7,493
2025-02-05 15:40:00,34.760000000000005,28.8,70,2.2,379
2025-02-05 15:45:00,33.42,28.7,69,2.2,331
2025-02-05 15:50:00,32.480000000000004,28.6,69,2.2,256
2025-02-05 15:55:00,31.9,28.4,70,2.2,219
2025-02-05 16:00:00,31.7,28.2,71,2.2,188
2025-02-06 10:00:00,42.96,30.0,65,1.3,682
2025-02-06 10:05:00,42.0,30.0,65,2.2,712
2025-02-06 10:10:00,41.94,29.9,66,1.8,717
2025-02-06 10:15:00,39.82,30.0,65,1.8,603
2025-02-06 10:20:00,39.88,30.0,66,2.2,496
2025-02-06 10:25:00,41.7,30.1,66,2.2,599
2025-02-06 10:30:00,40.32,30.2,67,1.8,735
2025-02-06 10:35:00,40.1,30.1,70,3.1,727
2025-02-06 10:40:00,39.28,29.9,71,3.1,753
2025-02-06 10:45:00,39.46,29.9,71,2.7,750
2025-02-06 10:50:00,39.5,30.1,70,2.7,775
2025-02-06 10:55:00,40.58,29.9,69,2.7,789
2025-02-06 11:00:00,39.72,30.0,69,2.2,771
2025-02-06 11:05:00,40.84,30.0,68,2.2,762
2025-02-06 11:10:00,40.98,30.1,69,2.2,801
2025-02-06 11:15:00,41.16,29.9,69,3.1,809
2025-02-06 11:20:00,41.54,29.8,67,2.2,815
2025-02-06 11:25:00,41.58,29.9,68,2.7,828
2025-02-06 11:30:00,42.3,30.1,68,2.7,858
2025-02-06 11:35:00,42.34,30.4,66,2.2,864
2025-02-06 11:40:00,41.86,30.4,65,2.7,880
2025-02-06 11:45:00,41.16,30.4,64,2.2,872
2025-02-06 11:50:00,41.88,30.3,66,2.7,870
2025-02-06 11:55:00,41.9,30.5,66,1.8,866
2025-02-06 12:00:00,42.260000000000005,30.8,64,2.7,876
2025-02-06 12:05:00,41.220000000000006,31.0,63,2.2,881
2025-02-06 12:10:00,41.24,31.0,61,2.7,887
2025-02-06 12:15:00,41.28,30.7,62,2.7,888
2025-02-06 12:20:00,41.52,30.2,64,3.1,906
2025-02-06 12:25:00,41.96,30.0,65,2.7,902
2025-02-06 12:30:00,38.8,30.4,64,2.7,886
2025-02-06 12:35:00,38.02,30.3,63,2.7,592
2025-02-06 12:40:00,39.8,30.1,66,3.1,735
2025-02-06 12:45:00,36.36,30.1,67,3.1,778
2025-02-06 12:50:00,36.36,29.9,68,2.7,360
2025-02-06 12:55:00,33.879999999999995,29.7,69,2.7,445
2025-02-06 13:00:00,34.660000000000004,29.4,70,2.7,322
2025-02-06 13:05:00,37.24,29.2,70,2.2,440
2025-02-06 13:10:00,38.88,29.2,71,2.2,666
2025-02-06 13:15:00,39.06,29.2,72,3.1,943
2025-02-06 13:20:00,39.8,29.2,71,2.7,741
2025-02-06 13:25:00,37.32,29.1,71,2.2,739
2025-02-06 13:30:00,35.34,28.8,72,2.7,487
2025-02-06 13:35:00,35.42,28.6,69,2.2,377
2025-02-06 13:40:00,34.42,28.4,69,2.2,417
2025-02-06 13:45:00,37.58,28.3,68,2.7,371
2025-02-06 13:50:00,40.48,28.4,69,2.2,776
2025-02-06 13:55:00,40.24,28.9,69,1.8,844
2025-02-06 14:00:00,38.36,29.3,68,2.2,687
2025-02-06 14:05:00,41.92,29.3,68,1.8,657
2025-02-06 14:10:00,42.94,29.3,69,1.8,800
2025-02-06 14:15:00,41.98,29.4,70,1.8,801
2025-02-06 14:20:00,41.3,29.7,69,1.8,772
2025-02-06 14:25:00,41.52,29.8,68,1.8,762
2025-02-06 14:30:00,42.1,29.7,68,2.2,757
2025-02-06 14:35:00,41.6,29.6,69,2.2,758
2025-02-06 14:40:00,40.98,29.4,69,1.8,786
2025-02-06 14:45:00,41.3,29.6,68,2.2,794
2025-02-06 14:50:00,39.1,29.6,69,1.8,634
2025-02-06 14:55:00,39.08,29.6,67,2.2,614
2025-02-06 15:00:00,36.44,29.4,68,1.8,547
2025-02-06 15:05:00,34.38,29.1,69,1.8,366
2025-02-06 15:10:00,33.58,28.6,70,1.8,263
2025-02-06 15:15:00,32.46,28.3,71,1.8,249
2025-02-06 15:20:00,32.14,28.2,72,2.2,226
2025-02-06 15:25:00,31.6,27.9,73,1.3,202
2025-02-06 15:30:00,30.72,27.8,75,2.2,245
2025-02-06 15:35:00,28.9,27.4,76,3.1,161
2025-02-06 15:40:00,27.58,26.9,77,3.1,94
2025-02-06 15:45:00,26.92,26.3,79,2.7,74
2025-02-06 15:50:00,26.32,25.8,80,3.1,63
2025-02-06 15:55:00,26.2,25.5,82,2.2,54
2025-02-06 16:00:00,26.1,25.4,82,2.2,46
2025-02-07 10:00:00,27.34,24.6,91,0.4,107
2025-02-07 10:05:00,27.62,24.6,90,0.9,134
2025-02-07 10:10:00,28.12,24.7,90,0.9,151
2025-02-07 10:15:00,28.34,24.7,90,1.3,164
2025-02-07 10:20:00,28.72,24.7,90,1.3,168
2025-02-07 10:25:00,28.660000000000004,24.7,90,0.9,185
2025-02-07 10:30:00,28.94,24.8,90,0.9,175
2025-02-07 10:35:00,28.360000000000003,24.9,90,0.9,167
2025-02-07 10:40:00,28.52,24.9,89,0.9,146
2025-02-07 10:45:00,29.2,24.9,89,0.9,142
2025-02-07 10:50:00,29.880000000000003,25.0,89,0.4,162
2025-02-07 10:55:00,29.76,25.1,88,0.4,165
2025-02-07 11:00:00,29.48,25.2,88,0.4,176
2025-02-07 11:05:00,29.48,25.3,87,0.9,158
2025-02-07 11:10:00,29.94,25.4,86,0.4,169
2025-02-07 11:15:00,31.26,25.4,86,0.4,192
2025-02-07 11:20:00,32.38,25.6,86,0.4,226
2025-02-07 11:25:00,33.02,25.7,85,0.4,231
2025-02-07 11:30:00,33.5,25.8,83,0.4,248
2025-02-07 11:35:00,34.94,25.9,82,0.4,294
2025-02-07 11:40:00,34.46,26.2,81,0.4,292
2025-02-07 11:45:00,34.78,26.4,80,0.4,287
2025-02-07 11:50:00,34.5,26.7,78,0.4,271
2025-02-07 11:55:00,34.06,26.9,77,0.9,269
2025-02-07 12:00:00,35.06,26.9,76,0.9,285
2025-02-07 12:05:00,35.879999999999995,26.9,76,0.4,335
2025-02-07 12:10:00,35.94,27.1,76,0.9,355
2025-02-07 12:15:00,35.44,27.2,75,0.4,301
2025-02-07 12:20:00,35.34,27.3,76,0.9,292
2025-02-07 12:25:00,36.04,27.4,75,0.9,334
2025-02-07 12:30:00,37.0,27.6,75,0.9,344
2025-02-07 12:35:00,37.68,27.7,75,0.4,340
2025-02-07 12:40:00,39.06,27.8,74,0.9,375
2025-02-07 12:45:00,40.14,28.1,74,0.0,418
2025-02-07 12:50:00,38.54,28.3,72,0.9,419
2025-02-07 12:55:00,37.44,28.3,72,0.9,356
2025-02-07 13:00:00,36.66,28.4,71,0.9,341
2025-02-07 13:05:00,35.96,28.4,70,0.9,315
2025-02-07 13:10:00,37.78,28.5,71,1.3,350
2025-02-07 13:15:00,39.34,28.7,70,0.9,424
2025-02-07 13:20:00,41.84,28.9,69,0.9,498
2025-02-07 13:25:00,42.1,29.3,69,0.9,571
2025-02-07 13:30:00,42.36,29.6,67,1.8,619
2025-02-07 13:35:00,45.14,29.7,66,1.8,806
2025-02-07 13:40:00,44.22,30.1,67,1.3,839
2025-02-07 13:45:00,43.56,30.2,66,1.3,747
2025-02-07 13:50:00,43.5,30.4,66,1.3,718
2025-02-07 13:55:00,41.4,30.7,66,1.3,633
2025-02-07 14:00:00,39.64,30.7,65,1.3,529
2025-02-07 14:05:00,37.62,30.6,66,1.8,454
2025-02-07 14:10:00,36.66,30.3,67,1.8,394
2025-02-07 14:15:00,36.42,29.9,69,2.2,395
2025-02-07 14:20:00,35.9,29.6,70,2.2,395
2025-02-07 14:25:00,35.04,29.4,70,2.7,355
2025-02-07 14:30:00,34.84,29.2,71,2.2,331
2025-02-07 14:35:00,34.480000000000004,29.1,71,2.7,330
2025-02-07 14:40:00,34.62,28.8,72,2.7,365
2025-02-07 14:45:00,34.9,28.6,73,2.7,346
2025-02-07 14:50:00,34.72,28.5,73,2.2,369
2025-02-07 14:55:00,35.22,28.4,73,2.2,397
2025-02-07 15:00:00,35.56,28.4,73,2.2,416
2025-02-07 15:05:00,36.36,28.6,72,1.8,405
2025-02-07 15:10:00,35.28,28.6,73,1.8,471
2025-02-07 15:15:00,33.239999999999995,28.8,72,2.2,315
2025-02-07 15:20:00,31.96,28.7,71,1.8,232
2025-02-07 15:25:00,30.68,28.4,72,1.8,181
2025-02-07 15:30:00,30.18,28.2,72,1.8,151
2025-02-07 15:35:00,29.64,27.9,73,1.8,133
2025-02-07 15:40:00,28.78,27.6,73,1.8,110
2025-02-07 15:45:00,28.5,27.0,73,2.2,93
2025-02-07 15:50:00,28.44,26.6,74,1.8,93
2025-02-07 15:55:00,28.84,26.4,74,1.8,99
2025-02-07 16:00:00,29.4,26.2,74,1.8,141
2025-02-08 10:00:00,33.88,25.4,85,2.2,416
2025-02-08 10:05:00,34.86,25.5,86,1.3,464
2025-02-08 10:10:00,35.52,25.7,85,1.8,473
2025-02-08 10:15:00,35.36,25.9,84,2.2,507
2025-02-08 10:20:00,34.980000000000004,26.0,83,1.8,509
2025-02-08 10:25:00,33.84,26.1,83,1.8,505
2025-02-08 10:30:00,32.58,26.1,83,1.8,408
2025-02-08 10:35:00,32.32,25.9,82,1.8,350
2025-02-08 10:40:00,32.34,25.8,83,1.8,384
2025-02-08 10:45:00,34.120000000000005,25.7,83,1.8,439
2025-02-08 10:50:00,34.36,25.7,83,2.2,530
2025-02-08 10:55:00,34.980000000000004,25.8,83,1.3,466
2025-02-08 11:00:00,35.34,26.1,82,1.8,515
2025-02-08 11:05:00,35.480000000000004,26.3,81,1.8,486
2025-02-08 11:10:00,36.52,26.4,80,2.2,552
2025-02-08 11:15:00,36.24,26.4,80,1.8,609
2025-02-08 11:20:00,36.8,26.6,80,1.8,607
2025-02-08 11:25:00,36.68,26.8,79,1.8,586
2025-02-08 11:30:00,37.04,26.9,78,1.8,630
2025-02-08 11:35:00,37.18,27.1,78,1.8,636
2025-02-08 11:40:00,35.94,27.1,77,2.2,553
2025-02-08 11:45:00,35.36,27.1,76,2.2,483
2025-02-08 11:50:00,34.54,27.1,77,1.8,453
2025-02-08 11:55:00,33.78,27.1,76,1.8,445
2025-02-08 12:00:00,34.34,26.9,77,2.2,434
2025-02-08 12:05:00,32.88,26.9,77,1.8,405
2025-02-08 12:10:00,32.58,26.8,77,2.2,389
2025-02-08 12:15:00,32.2,26.8,77,2.7,373
2025-02-08 12:20:00,32.059999999999995,26.6,78,2.2,377
2025-02-08 12:25:00,32.6,26.4,79,2.2,405
2025-02-08 12:30:00,32.6,26.4,80,2.2,421
2025-02-08 12:35:00,32.54,26.2,81,2.7,441
2025-02-08 12:40:00,33.82,26.1,81,2.2,445
2025-02-08 12:45:00,33.82,26.3,81,2.7,453
2025-02-08 12:50:00,32.739999999999995,26.4,80,2.2,416
2025-02-08 12:55:00,33.02,26.4,79,2.2,394
2025-02-08 13:00:00,33.82,26.4,80,1.8,406
2025-02-08 13:05:00,34.56,26.6,80,1.8,448
2025-02-08 13:10:00,33.3,26.6,80,1.8,466
2025-02-08 13:15:00,33.18,26.5,79,1.8,454
2025-02-08 13:20:00,33.22,26.5,79,1.8,424
2025-02-08 13:25:00,33.660000000000004,26.4,80,1.8,392
2025-02-08 13:30:00,33.54,26.4,80,2.2,392
2025-02-08 13:35:00,32.08,26.4,80,1.8,384
2025-02-08 13:40:00,32.78,26.3,80,1.8,384
2025-02-08 13:45:00,32.54,26.2,81,2.2,382
2025-02-08 13:50:00,31.9,26.2,80,2.2,372
2025-02-08 13:55:00,32.18,26.1,81,1.3,356
2025-02-08 14:00:00,32.38,26.0,81,1.3,356
2025-02-08 14:05:00,33.02,26.1,82,1.8,352
2025-02-08 14:10:00,33.02,26.2,81,1.8,370
2025-02-08 14:15:00,32.480000000000004,26.2,81,1.8,398
2025-02-08 14:20:00,32.42,26.2,81,1.8,415
2025-02-08 14:25:00,33.0,26.2,81,1.8,427
2025-02-08 14:30:00,32.54,26.0,81,2.2,404
2025-02-08 14:35:00,32.42,25.8,82,2.2,369
2025-02-08 14:40:00,33.06,25.6,83,2.2,394
2025-02-08 14:45:00,33.32,25.7,83,1.3,402
2025-02-08 14:50:00,33.940000000000005,25.9,82,1.8,393
2025-02-08 14:55:00,34.42,26.1,81,2.2,450
2025-02-08 15:00:00,34.4,26.2,82,1.8,422
2025-02-08 15:05:00,32.92,26.3,81,1.8,372
2025-02-08 15:10:00,32.379999999999995,26.3,80,2.2,330
2025-02-08 15:15:00,33.36,26.3,80,1.3,350
2025-02-08 15:20:00,35.08,26.4,81,1.8,426
2025-02-08 15:25:00,33.94,26.5,80,1.8,487
2025-02-08 15:30:00,33.620000000000005,26.6,80,1.8,384
2025-02-08 15:35:00,33.34,26.6,80,2.2,419
2025-02-08 15:40:00,31.860000000000003,26.6,79,1.8,344
2025-02-08 15:45:00,32.3,26.4,80,1.8,307
2025-02-08 15:50:00,33.34,26.4,80,1.3,355
2025-02-08 15:55:00,31.22,26.6,80,1.8,286
2025-02-08 16:00:00,30.7,26.5,80,1.8,256
2025-02-09 10:00:00,40.62,27.1,82,1.8,656
2025-02-09 10:05:00,40.62,27.3,80,1.3,630
2025-02-09 10:10:00,40.46,27.3,80,0.9,635
2025-02-09 10:15:00,39.72,27.4,80,1.3,617
2025-02-09 10:20:00,38.2,27.6,80,1.8,591
2025-02-09 10:25:00,38.2,27.7,79,1.8,573
2025-02-09 10:30:00,38.92,27.7,79,1.8,660
2025-02-09 10:35:00,39.52,27.7,80,1.3,721
2025-02-09 10:40:00,39.56,28.0,78,1.8,751
2025-02-09 10:45:00,40.1,28.2,79,1.8,741
2025-02-09 10:50:00,39.67999999999999,28.4,78,2.2,764
2025-02-09 10:55:00,39.62,28.3,77,2.7,789
2025-02-09 11:00:00,40.68,28.4,78,2.2,814
2025-02-09 11:05:00,40.2,28.7,77,2.2,787
2025-02-09 11:10:00,39.04,28.9,76,2.2,766
2025-02-09 11:15:00,40.4,28.9,76,2.2,760
2025-02-09 11:20:00,41.1,28.8,76,2.2,805
2025-02-09 11:25:00,40.6,29.1,76,2.2,807
2025-02-09 11:30:00,40.42,29.4,75,1.8,837
2025-02-09 11:35:00,39.86,29.7,74,2.7,861
2025-02-09 11:40:00,39.86,29.7,73,3.1,887
2025-02-09 11:45:00,39.48,29.7,73,3.1,880
2025-02-09 11:50:00,40.8,29.6,73,2.7,888
2025-02-09 11:55:00,39.74,29.4,72,2.7,892
2025-02-09 12:00:00,39.04,29.1,73,3.6,875
2025-02-09 12:05:00,40.5,28.9,75,2.7,900
2025-02-09 12:10:00,40.34,29.0,74,3.1,903
2025-02-09 12:15:00,39.58,29.2,73,3.1,880
2025-02-09 12:20:00,38.9,29.1,73,3.6,881
2025-02-09 12:25:00,38.88,28.9,72,3.6,793
2025-02-09 12:30:00,39.18,28.8,74,3.1,825
2025-02-09 12:35:00,39.44,28.9,74,2.7,843
2025-02-09 12:40:00,40.42,29.3,73,3.1,865
2025-02-09 12:45:00,40.74,29.4,73,2.7,894
2025-02-09 12:50:00,39.7,29.7,70,3.1,854
2025-02-09 12:55:00,40.040000000000006,29.4,72,3.1,872
2025-02-09 13:00:00,39.38,29.6,72,2.7,859
2025-02-09 13:05:00,40.4,29.8,72,3.1,821
2025-02-09 13:10:00,37.84,30.0,71,3.1,730
2025-02-09 13:15:00,36.4,29.9,71,3.1,617
2025-02-09 13:20:00,36.7,29.6,71,3.1,513
2025-02-09 13:25:00,39.0,29.1,73,3.1,755
2025-02-09 13:30:00,38.24,29.2,72,3.1,779
2025-02-09 13:35:00,38.92,29.2,72,3.1,676
2025-02-09 13:40:00,38.86,29.6,71,3.1,778
2025-02-09 13:45:00,37.5,29.7,70,3.1,667
2025-02-09 13:50:00,37.92,29.7,70,3.1,650
2025-02-09 13:55:00,38.22,29.6,70,3.1,643
2025-02-09 14:00:00,38.48,29.4,71,2.7,671
2025-02-09 14:05:00,36.74,29.4,71,3.1,655
2025-02-09 14:10:00,35.260000000000005,29.3,71,2.7,511
2025-02-09 14:15:00,35.64,29.0,71,3.1,358
2025-02-09 14:20:00,36.2,28.6,71,2.7,438
2025-02-09 14:25:00,37.22,28.4,72,2.7,468
2025-02-09 14:30:00,37.82,28.4,72,3.1,523
2025-02-09 14:35:00,35.34,28.4,73,2.2,481
2025-02-09 14:40:00,34.38,28.1,73,3.6,370
2025-02-09 14:45:00,36.02,27.8,74,3.1,379
2025-02-09 14:50:00,35.660000000000004,27.7,73,2.7,455
2025-02-09 14:55:00,35.38,27.7,73,3.1,385
2025-02-09 15:00:00,35.660000000000004,27.8,73,2.7,369
2025-02-09 15:05:00,38.94,28.0,73,2.2,456
2025-02-09 15:10:00,40.36,28.3,73,2.7,649
2025-02-09 15:15:00,37.6,28.6,71,2.7,643
2025-02-09 15:20:00,35.8,28.6,71,3.1,425
2025-02-09 15:25:00,36.22,28.3,71,3.1,395
2025-02-09 15:30:00,36.5,28.2,73,2.7,463
2025-02-09 15:35:00,35.260000000000005,28.2,72,2.7,389
2025-02-09 15:40:00,34.9,28.1,71,2.2,319
2025-02-09 15:45:00,34.96,28.2,72,1.8,309
2025-02-09 15:50:00,34.38,28.2,70,2.2,328
2025-02-09 15:55:00,33.84,28.2,71,1.8,303
2025-02-09 16:00:00,33.6,28.2,69,1.3,258
2025-02-10 10:00:00,35.88,27.3,79,1.3,386
2025-02-10 10:05:00,36.28,27.4,79,1.3,406
2025-02-10 10:10:00,36.6,27.5,78,1.3,419
2025-02-10 10:15:00,37.42,27.6,77,1.3,454
2025-02-10 10:20:00,39.08,27.7,77,1.8,559
2025-02-10 10:25:00,38.72,28.0,77,1.3,540
2025-02-10 10:30:00,37.92,28.1,76,1.8,479
2025-02-10 10:35:00,37.1,28.2,75,1.3,494
2025-02-10 10:40:00,35.78,28.4,74,1.3,450
2025-02-10 10:45:00,35.5,28.4,74,1.8,411
2025-02-10 10:50:00,36.68,28.4,75,1.8,460
2025-02-10 10:55:00,38.92,28.4,74,2.7,524
2025-02-10 11:00:00,38.2,28.4,74,1.3,573
2025-02-10 11:05:00,38.38,28.6,74,1.8,546
2025-02-10 11:10:00,40.12,28.8,73,2.2,553
2025-02-10 11:15:00,44.58,28.9,73,2.2,815
2025-02-10 11:20:00,43.36,29.5,71,2.7,1042
2025-02-10 11:25:00,38.56,29.7,69,2.7,736
2025-02-10 11:30:00,37.36,29.2,70,3.1,437
2025-02-10 11:35:00,37.14,28.9,72,2.2,524
2025-02-10 11:40:00,37.54,28.9,72,2.2,566
2025-02-10 11:45:00,37.17999999999999,28.9,71,2.2,460
2025-02-10 11:50:00,37.54,28.9,71,2.2,466
2025-02-10 11:55:00,36.28,28.9,72,2.2,465
2025-02-10 12:00:00,36.32,29.2,70,1.8,392
2025-02-10 12:05:00,37.06,29.1,69,2.2,378
2025-02-10 12:10:00,35.96,29.1,69,1.8,365
2025-02-10 12:15:00,35.84,29.1,69,2.2,365
2025-02-10 12:20:00,36.24,29.1,70,1.8,382
2025-02-10 12:25:00,36.8,28.9,69,2.7,430
2025-02-10 12:30:00,36.4,28.7,70,3.1,430
2025-02-10 12:35:00,36.98,28.5,71,1.8,454
2025-02-10 12:40:00,38.36,28.6,70,2.7,594
2025-02-10 12:45:00,37.28,28.7,70,2.2,533
2025-02-10 12:50:00,36.9,28.6,70,3.1,447
2025-02-10 12:55:00,36.32,28.5,71,2.2,407
2025-02-10 13:00:00,36.12,28.5,72,2.2,385
2025-02-10 13:05:00,35.4,28.4,71,3.1,365
2025-02-10 13:10:00,33.760000000000005,28.3,71,2.7,334
2025-02-10 13:15:00,33.54,28.0,72,3.1,298
2025-02-10 13:20:00,33.7,27.9,72,3.1,357
2025-02-10 13:25:00,33.28,27.8,72,3.1,342
2025-02-10 13:30:00,33.0,27.9,73,2.7,307
2025-02-10 13:35:00,32.5,27.7,73,3.1,281
2025-02-10 13:40:00,33.44,27.4,73,3.1,280
2025-02-10 13:45:00,34.760000000000005,27.5,74,2.2,373
2025-02-10 13:50:00,35.98,27.7,74,3.1,489
2025-02-10 13:55:00,35.3,27.8,74,3.6,506
2025-02-10 14:00:00,34.02,27.8,74,2.7,398
2025-02-10 14:05:00,32.54,27.8,74,3.1,307
2025-02-10 14:10:00,32.34,27.7,74,2.7,251
2025-02-10 14:15:00,31.84,27.5,75,2.2,250
2025-02-10 14:20:00,31.42,27.4,75,2.2,221
2025-02-10 14:25:00,31.860000000000003,27.4,75,2.2,236
2025-02-10 14:30:00,32.3,27.5,75,2.2,268
2025-02-11 10:00:00,38.04,27.3,78,0.4,434
2025-02-11 10:05:00,37.36,27.6,76,0.9,448
2025-02-11 10:10:00,38.74,27.8,74,1.3,461
2025-02-11 10:15:00,41.28,27.8,74,1.8,499
2025-02-11 10:20:00,41.84,28.1,74,1.3,715
2025-02-11 10:25:00,40.12,28.4,71,1.8,698
2025-02-11 10:30:00,40.12,28.6,71,1.3,571
2025-02-11 10:35:00,40.16,28.8,70,1.8,640
2025-02-11 10:40:00,38.9,28.7,70,1.3,532
2025-02-11 10:45:00,38.72,28.9,70,1.8,460
2025-02-11 10:50:00,40.54,29.1,70,1.3,489
2025-02-11 10:55:00,41.14,29.4,70,1.3,601
2025-02-11 11:00:00,42.1,29.7,69,2.2,669
2025-02-11 11:05:00,43.46,30.1,69,1.8,649
2025-02-11 11:10:00,42.14,30.6,67,2.2,934
2025-02-11 11:15:00,42.84,30.9,67,1.8,912
2025-02-11 11:20:00,42.32,31.2,66,2.2,909
2025-02-11 11:25:00,41.68,31.2,65,2.7,903
2025-02-11 11:30:00,41.32,31.2,65,2.7,916
2025-02-11 11:35:00,40.36,31.3,63,3.1,900
2025-02-11 11:40:00,37.34,30.7,65,3.6,857
2025-02-11 11:45:00,37.32,30.3,66,3.1,464
2025-02-11 11:50:00,37.14,30.0,67,2.7,588
2025-02-11 11:55:00,38.18,29.8,68,3.6,670
2025-02-11 12:00:00,39.12,29.8,68,3.6,706
2025-02-11 12:05:00,39.16,29.6,67,4.0,896
2025-02-11 12:10:00,40.14,29.9,67,3.1,886
2025-02-11 12:15:00,40.04,30.1,67,3.1,919
2025-02-11 12:20:00,39.5,30.1,65,4.0,911
2025-02-11 12:25:00,40.22,30.1,66,3.6,912
2025-02-11 12:30:00,40.24,30.4,65,2.7,903
2025-02-11 12:35:00,40.68,30.4,65,3.6,903
2025-02-11 12:40:00,42.04,30.5,64,2.7,920
2025-02-11 12:45:00,41.42,30.8,64,2.7,942
2025-02-11 12:50:00,42.78,31.1,61,3.1,962
2025-02-11 12:55:00,43.82,31.2,62,2.7,898
2025-02-11 13:00:00,43.32,31.3,62,2.7,1036
2025-02-11 13:05:00,41.7,31.2,61,2.7,830
2025-02-11 13:10:00,42.42,31.0,61,2.7,792
2025-02-11 13:15:00,43.06,31.1,62,2.2,869
2025-02-11 13:20:00,41.78,30.9,62,3.6,903
2025-02-11 13:25:00,40.42,30.9,62,3.1,707
2025-02-11 13:30:00,41.62,30.7,62,3.1,709
2025-02-11 13:35:00,42.52,30.6,62,3.1,800
2025-02-11 13:40:00,43.56,30.6,63,2.7,770
2025-02-11 13:45:00,42.3,30.9,62,2.7,892
2025-02-11 13:50:00,40.36,30.8,61,2.7,564
2025-02-11 13:55:00,39.66,30.7,62,2.2,503
2025-02-11 14:00:00,39.86,30.4,63,2.7,583
2025-02-11 14:05:00,38.08,30.6,62,2.2,535
2025-02-11 14:10:00,36.22,30.1,63,2.7,498
2025-02-11 14:15:00,34.7,29.9,63,2.2,284
2025-02-11 14:20:00,37.4,29.6,64,2.7,294
2025-02-11 14:25:00,41.34,29.4,64,2.2,692
2025-02-11 14:30:00,41.12,29.9,63,2.7,832
2025-02-11 14:35:00,40.260000000000005,30.6,62,2.7,814
2025-02-11 14:40:00,40.58,30.8,62,2.2,603
2025-02-11 14:45:00,41.22,30.6,63,3.1,671
2025-02-11 14:50:00,42.7,30.5,64,3.1,828
2025-02-11 14:55:00,43.24,30.8,62,2.7,930
2025-02-11 15:00:00,43.7,31.2,62,2.7,894
2025-02-11 15:05:00,44.94,31.1,61,2.7,855
2025-02-11 15:10:00,42.08,31.3,60,2.7,887
2025-02-11 15:15:00,41.08,31.0,61,2.2,629
2025-02-11 15:20:00,39.46,30.8,62,2.7,567
2025-02-11 15:25:00,38.3,30.6,62,2.7,451
2025-02-11 15:30:00,37.12,30.2,64,2.7,406
2025-02-11 15:35:00,36.84,29.8,65,2.2,404
2025-02-11 15:40:00,36.67999999999999,29.7,64,2.7,400
2025-02-11 15:45:00,36.9,29.6,65,2.2,381
2025-02-11 15:50:00,37.06,29.6,66,2.7,405
2025-02-11 15:55:00,35.96,29.6,66,1.8,388
2025-02-11 16:00:00,35.8,29.6,66,2.2,364
2025-02-12 10:00:00,29.5,27.1,80,0.4,185
2025-02-12 10:05:00,28.68,27.1,83,0.4,183
2025-02-12 10:10:00,28.9,27.1,84,0.4,183
2025-02-12 10:15:00,29.160000000000004,26.9,84,0.4,184
2025-02-12 10:20:00,29.78,26.7,84,0.9,181
2025-02-12 10:25:00,29.28,26.7,85,0.9,174
2025-02-12 10:30:00,29.24,26.6,85,0.4,171
2025-02-12 10:35:00,29.28,26.5,86,0.4,168
2025-02-12 10:40:00,28.64,26.5,86,0.4,168
2025-02-12 10:45:00,28.28,26.4,86,0.9,173
2025-02-12 10:50:00,27.860000000000003,26.4,87,0.9,182
2025-02-12 10:55:00,27.6,26.3,87,0.9,192
2025-02-12 11:00:00,27.02,26.3,87,0.4,198
2025-02-12 11:05:00,27.22,26.2,88,0.9,200
2025-02-12 11:10:00,27.32,26.2,88,0.4,205
2025-02-12 11:15:00,28.02,26.1,89,0.4,211
2025-02-12 11:20:00,28.46,26.1,89,0.4,218
2025-02-12 11:25:00,28.34,26.1,89,0.4,228
2025-02-12 11:30:00,28.380000000000003,26.0,90,0.9,238
2025-02-12 11:35:00,28.58,25.9,90,0.4,245
2025-02-12 11:40:00,28.6,25.8,90,0.4,246
2025-02-12 11:45:00,28.5,25.8,90,0.9,239
2025-02-12 11:50:00,28.92,25.7,90,1.3,229
2025-02-12 11:55:00,28.78,25.6,90,0.9,224
2025-02-12 12:00:00,28.6,25.6,90,0.9,220
2025-02-12 12:05:00,28.660000000000004,25.5,90,0.9,209
2025-02-12 12:10:00,29.3,25.5,91,0.4,199
2025-02-12 12:15:00,29.26,25.6,91,0.9,197
2025-02-12 12:20:00,29.28,25.5,90,0.9,195
2025-02-12 12:25:00,29.28,25.6,90,0.4,196
2025-02-12 12:30:00,28.96,25.5,89,0.9,194
2025-02-12 12:35:00,28.56,25.5,89,0.9,188
2025-02-12 12:40:00,28.84,25.5,88,0.9,183
2025-02-12 12:45:00,28.34,25.5,89,0.9,184
2025-02-12 12:50:00,27.860000000000003,25.5,88,0.9,185
2025-02-12 12:55:00,27.56,25.6,88,0.4,176
2025-02-12 13:00:00,27.98,25.6,89,0.9,162
2025-02-12 13:05:00,28.1,25.6,88,0.9,161
2025-02-12 13:10:00,27.84,25.6,88,0.4,168
2025-02-12 13:15:00,27.42,25.6,88,0.9,175
2025-02-12 13:20:00,27.64,25.6,88,0.9,188
2025-02-12 13:25:00,28.44,25.5,88,0.9,198
2025-02-12 13:30:00,28.8,25.6,89,0.9,200
2025-02-12 13:35:00,28.860000000000003,25.6,88,0.9,197
2025-02-12 13:40:00,28.860000000000003,25.6,88,0.9,190
2025-02-12 13:45:00,28.64,25.6,89,0.9,184
2025-02-12 13:50:00,28.2,25.6,89,1.3,174
2025-02-12 13:55:00,28.18,25.6,90,1.3,171
2025-02-12 14:00:00,27.8,25.4,90,0.9,165
2025-02-12 14:05:00,27.44,25.4,89,0.9,158
2025-02-12 14:10:00,27.26,25.3,90,0.9,148
2025-02-12 14:15:00,26.74,25.3,90,0.9,138
2025-02-12 14:20:00,26.48,25.2,90,0.9,131
2025-02-12 14:25:00,26.44,25.2,90,0.9,128
2025-02-12 14:30:00,26.32,25.1,90,0.9,129
2025-02-12 14:35:00,25.96,25.1,91,0.9,129
2025-02-12 14:40:00,26.18,25.0,90,0.9,132
2025-02-12 14:45:00,26.360000000000003,25.1,91,0.4,137
2025-02-12 14:50:00,26.34,25.1,91,0.4,145
2025-02-12 14:55:00,26.5,25.1,91,0.4,149
2025-02-12 15:00:00,26.360000000000003,25.0,91,0.9,145
2025-02-12 15:05:00,26.42,24.9,91,0.4,133
2025-02-12 15:10:00,26.1,25.0,91,0.4,122
2025-02-12 15:15:00,26.32,25.1,91,0.4,114
2025-02-12 15:20:00,26.22,25.1,91,0.4,106
2025-02-12 15:25:00,26.46,25.1,91,0.4,100
2025-02-12 15:30:00,26.94,25.0,91,0.4,101
2025-02-12 15:35:00,27.32,25.1,91,0.4,112
2025-02-12 15:40:00,27.4,25.1,91,0.4,131
2025-02-12 15:45:00,26.98,25.2,92,0.4,141
2025-02-12 15:50:00,27.0,25.2,91,0.4,141
2025-02-12 15:55:00,26.64,25.2,92,0.4,130
2025-02-12 16:00:00,26.0,25.2,91,0.4,111
2025-02-13 10:00:00,43.04,27.1,86,0.9,612
2025-02-13 10:05:00,44.28,27.2,86,0.4,606
2025-02-13 10:10:00,41.48,27.6,86,0.4,638
2025-02-13 10:15:00,42.94,28.1,86,1.3,590
2025-02-13 10:20:00,44.24,28.3,86,1.3,791
2025-02-13 10:25:00,41.8,28.5,84,1.3,771
2025-02-13 10:30:00,42.9,28.6,82,1.3,649
2025-02-13 10:35:00,40.54,28.7,82,1.3,555
2025-02-13 10:40:00,41.68,28.9,80,1.3,755
2025-02-13 10:45:00,43.5,29.1,80,1.8,828
2025-02-13 10:50:00,44.52,29.4,75,1.3,777
2025-02-13 10:55:00,47.06,29.8,75,1.8,968
2025-02-13 11:00:00,44.620000000000005,30.3,73,1.3,1028
2025-02-13 11:05:00,39.34,30.7,74,1.8,674
2025-02-13 11:10:00,40.74,30.7,73,2.2,624
2025-02-13 11:15:00,42.04,30.7,75,2.2,905
2025-02-13 11:20:00,44.06,30.8,75,2.2,980
2025-02-13 11:25:00,40.6,31.1,75,2.2,978
2025-02-13 11:30:00,37.44,31.0,74,2.2,662
2025-02-13 11:35:00,36.88,30.6,75,3.1,576
2025-02-13 11:40:00,37.42,30.1,76,2.2,571
2025-02-13 11:45:00,37.32,29.8,76,2.7,600
2025-02-13 11:50:00,40.32,29.1,78,3.1,651
2025-02-13 11:55:00,38.18,29.3,78,2.2,775
2025-02-13 12:00:00,37.46,29.5,77,2.7,629
2025-02-13 12:05:00,36.74,29.7,77,2.2,511
2025-02-13 12:10:00,38.0,29.7,77,2.7,581
2025-02-13 12:15:00,40.44,29.8,76,2.7,650
2025-02-13 12:20:00,39.92,29.9,76,2.7,877
2025-02-13 12:25:00,37.760000000000005,30.2,74,2.7,808
2025-02-13 12:30:00,36.84,30.1,74,2.7,553
2025-02-13 12:35:00,37.16,29.8,73,3.1,481
2025-02-13 12:40:00,36.6,29.6,73,2.7,485
2025-02-13 12:45:00,36.56,29.5,74,3.6,482
2025-02-13 12:50:00,36.46,29.3,74,3.1,483
2025-02-13 12:55:00,36.62,29.3,75,3.6,496
2025-02-13 13:00:00,36.96,29.2,76,3.6,537
2025-02-13 13:05:00,37.54,29.2,75,4.0,532
2025-02-13 13:10:00,37.64,29.2,74,3.6,561
2025-02-13 13:15:00,37.760000000000005,29.3,73,4.0,579
2025-02-13 13:20:00,38.98,29.4,72,4.5,641
2025-02-13 13:25:00,39.04,29.7,71,4.0,657
2025-02-13 13:30:00,40.16,29.8,70,4.0,630
2025-02-13 13:35:00,40.1,29.8,69,3.6,718
2025-02-13 13:40:00,38.78,30.1,68,4.5,751
2025-02-13 13:45:00,38.4,30.0,67,4.5,656
2025-02-13 13:50:00,36.98,29.9,67,3.6,568
2025-02-13 13:55:00,36.34,29.6,68,4.9,524
2025-02-13 14:00:00,35.980000000000004,29.4,68,4.0,425
2025-02-13 14:05:00,35.4,29.3,69,4.0,411
2025-02-13 14:10:00,34.86,29.1,69,4.0,402
2025-02-13 14:15:00,35.32,29.0,70,4.5,395
2025-02-13 14:20:00,35.4,29.1,70,3.6,388
2025-02-13 14:25:00,35.120000000000005,29.1,69,4.0,397
2025-02-13 14:30:00,35.58,29.2,71,4.0,417
2025-02-13 14:35:00,36.66,29.2,70,4.0,467
2025-02-13 14:40:00,36.88,29.3,71,4.0,587
2025-02-13 14:45:00,37.12,29.6,70,4.0,523
2025-02-13 14:50:00,36.04,29.6,70,4.0,541
2025-02-13 14:55:00,35.46,29.7,70,3.6,435
2025-02-13 15:00:00,35.260000000000005,29.6,71,3.1,403
2025-02-13 15:05:00,36.0,29.4,70,4.0,402
2025-02-13 15:10:00,35.96,29.4,71,4.0,484
2025-02-13 15:15:00,35.56,29.5,70,3.6,438
2025-02-13 15:20:00,35.14,29.6,69,3.6,397
2025-02-13 15:25:00,36.46,29.4,68,3.6,372
2025-02-13 15:30:00,37.3,29.6,68,4.0,487
2025-02-13 15:35:00,37.36,29.8,68,3.6,486
2025-02-13 15:40:00,37.04,29.7,68,3.1,447
2025-02-13 15:45:00,37.48,29.8,69,2.7,410
2025-02-13 15:50:00,37.08,29.8,67,3.1,370
2025-02-13 15:55:00,36.78,29.9,67,2.7,361
2025-02-13 16:00:00,36.6,29.8,67,3.1,371
2025-02-14 10:00:00,41.16,28.8,79,1.3,681
2025-02-14 10:05:00,40.12,28.8,78,1.3,703
2025-02-14 10:10:00,39.52,29.1,77,1.8,706
2025-02-14 10:15:00,40.96,29.2,76,1.8,719
2025-02-14 10:20:00,41.16,29.2,76,1.3,734
2025-02-14 10:25:00,41.64,29.3,75,1.8,743
2025-02-14 10:30:00,40.44,29.4,74,1.8,772
2025-02-14 10:35:00,41.36,29.3,74,2.2,770
2025-02-14 10:40:00,42.32,29.6,74,2.2,792
2025-02-14 10:45:00,41.48,29.6,73,2.2,805
2025-02-14 10:50:00,41.62,29.7,73,2.2,819
2025-02-14 10:55:00,41.82,29.8,73,1.8,816
2025-02-14 11:00:00,43.12,29.9,74,1.8,822
2025-02-14 11:05:00,41.0,30.3,72,1.3,824
2025-02-14 11:10:00,43.3,30.6,70,1.8,830
2025-02-14 11:15:00,43.6,30.8,70,1.3,850
2025-02-14 11:20:00,42.84,31.1,70,1.8,853
2025-02-14 11:25:00,41.98,31.2,69,1.8,856
2025-02-14 11:30:00,41.98,31.1,68,2.7,867
2025-02-14 11:35:00,42.62,31.3,68,2.2,880
2025-02-14 11:40:00,41.5,31.3,68,2.7,883
2025-02-14 11:45:00,41.88,31.3,69,2.7,884
2025-02-14 11:50:00,41.38,31.4,69,2.2,886
2025-02-14 11:55:00,41.12,31.6,68,2.7,884
2025-02-14 12:00:00,40.66,31.4,66,2.7,898
2025-02-14 12:05:00,40.66,31.2,66,2.7,899
2025-02-14 12:10:00,39.6,31.2,64,2.7,907
2025-02-14 12:15:00,39.42,30.4,67,3.6,919
2025-02-14 12:20:00,40.54,30.2,69,3.1,902
2025-02-14 12:25:00,40.64,30.5,69,2.2,898
2025-02-14 12:30:00,40.96,30.7,69,2.2,909
2025-02-14 12:35:00,40.12,30.9,68,2.7,914
2025-02-14 12:40:00,40.82,30.9,68,2.7,895
2025-02-14 12:45:00,40.9,30.9,68,2.2,899
2025-02-14 12:50:00,40.96,30.9,68,2.7,909
2025-02-14 12:55:00,40.02,31.1,68,2.7,910
2025-02-14 13:00:00,40.3,31.1,67,2.7,909
2025-02-14 13:05:00,40.14,30.9,68,2.2,905
2025-02-14 13:10:00,40.02,30.9,68,3.1,902
2025-02-14 13:15:00,40.22,30.9,67,2.7,894
2025-02-14 13:20:00,39.9,31.1,67,2.7,883
2025-02-14 13:25:00,40.6,31.1,67,2.2,878
2025-02-14 13:30:00,39.620000000000005,31.3,65,1.8,875
2025-02-14 13:35:00,40.24,31.4,64,2.2,866
2025-02-14 13:40:00,39.86,31.4,65,2.7,860
2025-02-14 13:45:00,40.52,31.6,66,2.2,859
2025-02-14 13:50:00,40.28,31.6,66,2.7,855
2025-02-14 13:55:00,40.1,31.5,64,2.2,849
2025-02-14 14:00:00,40.78,31.4,66,2.7,844
2025-02-14 14:05:00,40.5,31.3,65,2.7,830
2025-02-14 14:10:00,40.92,31.3,66,2.2,818
2025-02-14 14:15:00,41.92,31.6,66,2.7,810
2025-02-14 14:20:00,40.84,31.8,65,2.7,805
2025-02-14 14:25:00,41.18,32.0,63,2.2,795
2025-02-14 14:30:00,40.56,31.9,64,3.1,788
2025-02-14 14:35:00,39.78,31.8,64,2.7,766
2025-02-14 14:40:00,40.28,31.7,65,2.2,749
2025-02-14 14:45:00,40.2,31.6,65,2.7,747
2025-02-14 14:50:00,40.08,31.7,66,2.7,739
2025-02-14 14:55:00,39.82,31.3,67,2.7,731
2025-02-14 15:00:00,40.06,31.0,68,3.1,716
2025-02-14 15:05:00,39.02,31.1,68,2.7,702
2025-02-14 15:10:00,39.92,30.7,69,3.1,692
2025-02-14 15:15:00,39.54,30.4,70,3.1,691
2025-02-14 15:20:00,39.98,30.2,71,3.6,694
2025-02-14 15:25:00,40.12,30.2,71,2.7,693
2025-02-14 15:30:00,40.1,30.2,72,2.7,699
2025-02-14 15:35:00,39.8,30.4,71,2.7,692
2025-02-14 15:40:00,41.32000000000001,30.5,68,2.7,620
2025-02-14 15:45:00,40.1,30.6,70,2.2,678
2025-02-14 15:50:00,37.2,30.6,70,2.7,569
2025-02-14 15:55:00,34.62,30.4,70,2.7,422
2025-02-14 16:00:00,34.3,29.8,71,3.1,335
2025-02-15 10:00:00,37.62,26.5,85,2.2,570
2025-02-15 10:05:00,38.04,26.5,85,2.2,672
2025-02-15 10:10:00,36.02,26.7,84,2.2,670
2025-02-15 10:15:00,36.98,26.7,84,2.2,632
2025-02-15 10:20:00,38.06,26.8,83,2.2,667
2025-02-15 10:25:00,38.260000000000005,26.8,84,2.2,691
2025-02-15 10:30:00,38.12,26.9,84,1.8,738
2025-02-15 10:35:00,37.56,27.1,83,2.2,776
2025-02-15 10:40:00,37.5,27.0,83,2.7,769
2025-02-15 10:45:00,37.84,26.9,83,2.2,724
2025-02-15 10:50:00,39.16,27.1,83,2.2,780
2025-02-15 10:55:00,38.98,27.5,82,2.2,851
2025-02-15 11:00:00,39.4,27.6,80,2.2,772
2025-02-15 11:05:00,38.0,27.6,80,2.7,846
2025-02-15 11:10:00,37.9,27.4,81,2.7,837
2025-02-15 11:15:00,39.12,27.8,81,2.2,738
2025-02-15 11:20:00,39.54,28.3,80,2.2,931
2025-02-15 11:25:00,38.4,28.6,77,2.7,874
2025-02-15 11:30:00,37.84,28.2,77,3.1,815
2025-02-15 11:35:00,38.2,27.8,79,2.7,755
2025-02-15 11:40:00,39.82,28.1,79,2.2,816
2025-02-15 11:45:00,41.2,28.3,78,2.7,913
2025-02-15 11:50:00,42.42,28.3,78,2.2,965
2025-02-15 11:55:00,40.36,28.8,77,2.2,922
2025-02-15 12:00:00,40.82,29.1,76,2.2,927
2025-02-15 12:05:00,40.58,29.3,76,2.7,978
2025-02-15 12:10:00,42.12,29.6,76,2.7,967
2025-02-15 12:15:00,40.7,29.7,74,2.2,985
2025-02-15 12:20:00,42.04,29.7,75,3.1,1006
2025-02-15 12:25:00,40.78,29.9,75,2.7,999
2025-02-15 12:30:00,40.06,29.8,73,3.6,1002
2025-02-15 12:35:00,39.38,29.3,74,3.6,1031
2025-02-15 12:40:00,38.72,28.8,74,4.5,1003
2025-02-15 12:45:00,37.02,28.7,75,4.0,991
2025-02-15 12:50:00,35.760000000000005,28.5,75,3.6,628
2025-02-15 12:55:00,35.88,28.3,77,4.0,589
2025-02-15 13:00:00,37.62,28.1,77,3.6,703
2025-02-15 13:05:00,38.44,28.2,77,3.6,893
2025-02-15 13:10:00,39.540000000000006,28.2,78,3.6,913
2025-02-15 13:15:00,39.98,28.6,77,3.1,903
2025-02-15 13:20:00,40.54,28.7,76,3.6,958
2025-02-15 13:25:00,39.67999999999999,28.9,75,3.6,977
2025-02-15 13:30:00,38.2,28.8,76,3.6,896
2025-02-15 13:35:00,37.46,28.7,74,3.1,670
2025-02-15 13:40:00,38.34,28.6,75,3.1,657
2025-02-15 13:45:00,39.86,28.6,76,3.6,831
2025-02-15 13:50:00,40.0,28.8,76,3.1,929
2025-02-15 13:55:00,37.54,29.2,75,3.6,775
2025-02-15 14:00:00,39.68,29.3,74,2.7,764
2025-02-15 14:05:00,41.82,29.3,73,3.6,885
2025-02-15 14:10:00,39.0,29.4,75,2.2,921
2025-02-15 14:15:00,37.84,29.1,74,3.6,638
2025-02-15 14:20:00,36.56,29.2,73,2.7,651
2025-02-15 14:25:00,37.260000000000005,28.9,72,3.6,591
2025-02-15 14:30:00,37.260000000000005,29.0,74,3.1,623
2025-02-15 14:35:00,38.18,29.1,74,3.6,698
2025-02-15 14:40:00,37.220000000000006,29.1,75,3.1,705
2025-02-15 14:45:00,37.64,28.8,75,3.6,693
2025-02-15 14:50:00,37.04,28.6,76,3.6,671
2025-02-15 14:55:00,35.4,28.4,76,3.1,520
2025-02-15 15:00:00,35.52,28.2,75,3.6,473
2025-02-15 15:05:00,35.059999999999995,27.8,77,3.6,441
2025-02-15 15:10:00,35.239999999999995,27.9,78,2.7,492
2025-02-15 15:15:00,34.58,28.1,77,3.1,493
2025-02-15 15:20:00,34.68,28.1,77,2.7,446
2025-02-15 15:25:00,33.92,28.2,77,2.7,406
2025-02-15 15:30:00,32.8,28.2,77,3.1,379
2025-02-15 15:35:00,32.739999999999995,28.0,77,2.7,336
2025-02-15 15:40:00,33.46,27.7,78,2.7,334
2025-02-15 15:45:00,32.56,27.7,79,3.1,408
2025-02-15 15:50:00,31.880000000000003,27.4,79,2.7,315
2025-02-15 15:55:00,31.18,27.3,80,2.2,278
2025-02-15 16:00:00,31.0,26.9,80,2.7,282
2025-02-16 10:00:00,35.78,25.9,87,2.2,521
2025-02-16 10:05:00,36.760000000000005,25.9,87,2.2,564
2025-02-16 10:10:00,37.0,26.1,87,1.3,611
2025-02-16 10:15:00,37.78,26.3,86,2.2,636
2025-02-16 10:20:00,36.5,26.6,86,1.8,654
2025-02-16 10:25:00,36.68,26.6,85,1.8,666
2025-02-16 10:30:00,36.7,26.6,85,2.2,655
2025-02-16 10:35:00,37.44,26.6,84,1.8,666
2025-02-16 10:40:00,37.24,26.7,85,1.8,655
2025-02-16 10:45:00,37.84,26.8,84,1.8,668
2025-02-16 10:50:00,37.98,26.9,84,1.8,697
2025-02-16 10:55:00,38.38,27.1,83,1.8,703
2025-02-16 11:00:00,39.2,27.1,81,1.8,698
2025-02-16 11:05:00,38.3,27.2,81,1.8,683
2025-02-16 11:10:00,39.44,27.3,80,1.3,680
2025-02-16 11:15:00,40.12,27.3,80,1.8,716
2025-02-16 11:20:00,38.74,27.7,79,1.8,691
2025-02-16 11:25:00,37.98,27.8,78,2.2,584
2025-02-16 11:30:00,37.5,27.8,79,1.3,632
2025-02-16 11:35:00,37.22,27.8,79,1.8,663
2025-02-16 11:40:00,37.96,27.8,78,2.2,643
2025-02-16 11:45:00,37.28,27.9,78,2.2,749
2025-02-16 11:50:00,38.36,27.9,78,2.7,676
2025-02-16 11:55:00,37.34,28.2,77,2.2,693
2025-02-16 12:00:00,37.02,28.3,78,2.2,639
2025-02-16 12:05:00,38.66,28.4,77,2.2,687
2025-02-16 12:10:00,37.38,28.4,79,2.2,771
2025-02-16 12:15:00,36.78,28.3,77,2.2,511
2025-02-16 12:20:00,40.66,28.2,79,2.2,781
2025-02-16 12:25:00,40.88,28.4,78,2.7,933
2025-02-16 12:30:00,37.94,28.6,77,2.7,760
2025-02-16 12:35:00,37.74,28.5,76,2.2,598
2025-02-16 12:40:00,38.760000000000005,28.3,77,2.7,600
2025-02-16 12:45:00,37.78,28.3,78,2.2,630
2025-02-16 12:50:00,36.0,28.3,77,3.1,559
2025-02-16 12:55:00,35.42,28.1,77,2.7,423
2025-02-16 13:00:00,35.3,27.9,78,2.7,404
2025-02-16 13:05:00,35.3,27.8,78,1.8,480
2025-02-16 13:10:00,35.6,27.7,79,2.2,614
2025-02-16 13:15:00,36.28,27.7,78,2.2,594
2025-02-16 13:20:00,34.86,27.7,78,2.2,500
2025-02-16 13:25:00,33.86,27.6,78,1.8,447
2025-02-16 13:30:00,32.94,27.4,77,2.7,410
2025-02-16 13:35:00,33.67999999999999,27.3,78,2.2,369
2025-02-16 13:40:00,34.06,27.2,78,1.8,376
2025-02-16 13:45:00,33.5,27.3,78,1.8,391
2025-02-16 13:50:00,34.92,27.3,78,2.2,406
2025-02-16 13:55:00,35.4,27.4,78,1.8,450
2025-02-16 14:00:00,35.38,27.6,77,2.2,463
2025-02-16 14:05:00,34.32,27.7,76,1.8,446
2025-02-16 14:10:00,34.18,27.8,76,1.8,436
2025-02-16 14:15:00,34.84,27.8,76,2.2,412
2025-02-16 14:20:00,34.46,27.6,77,2.2,431
2025-02-16 14:25:00,33.42,27.5,77,2.2,410
2025-02-16 14:30:00,34.56,27.4,78,1.8,395
2025-02-16 14:35:00,34.36,27.5,77,1.8,405
2025-02-16 14:40:00,34.88,27.5,78,1.8,420
2025-02-16 14:45:00,35.160000000000004,27.5,77,1.8,426
2025-02-16 14:50:00,34.94,27.7,77,1.3,421
2025-02-16 14:55:00,34.56,27.8,77,1.3,383
2025-02-16 15:00:00,34.120000000000005,27.8,76,1.8,343
2025-02-16 15:05:00,33.08,27.9,76,1.8,323
2025-02-16 15:10:00,32.260000000000005,27.8,76,1.8,315
2025-02-16 15:15:00,31.68,27.7,76,2.2,304
2025-02-16 15:20:00,31.82,27.6,77,2.2,292
2025-02-16 15:25:00,31.78,27.3,78,1.8,286
2025-02-16 15:30:00,31.08,27.2,79,2.2,285
2025-02-16 15:35:00,31.04,26.9,79,2.2,284
2025-02-16 15:40:00,31.28,26.7,80,1.8,284
2025-02-16 15:45:00,31.58,26.6,80,1.8,281
2025-02-16 15:50:00,32.3,26.6,81,1.8,289
2025-02-16 15:55:00,32.260000000000005,26.7,80,1.8,299
2025-02-16 16:00:00,31.9,26.8,80,1.8,294
2025-02-17 10:00:00,36.56,27.6,81,1.3,488
2025-02-17 10:05:00,37.12,27.7,80,1.3,485
2025-02-17 10:10:00,36.1,27.8,80,1.8,465
2025-02-17 10:15:00,37.36,27.6,80,1.8,470
2025-02-17 10:20:00,35.84,27.8,80,1.3,435
2025-02-17 10:25:00,35.92,27.9,79,0.9,410
2025-02-17 10:30:00,36.260000000000005,28.0,79,1.3,441
2025-02-17 10:35:00,36.5,28.1,79,1.8,485
2025-02-17 10:40:00,37.58,28.2,79,1.8,554
2025-02-17 10:45:00,37.94,28.3,80,1.8,622
2025-02-17 10:50:00,39.02,28.6,79,1.3,566
2025-02-17 10:55:00,38.0,28.8,78,1.8,580
2025-02-17 11:00:00,38.88,28.7,78,2.2,611
2025-02-17 11:05:00,38.92,28.7,78,1.8,636
2025-02-17 11:10:00,36.6,28.9,77,2.2,590
2025-02-17 11:15:00,38.22,29.0,76,1.8,529
2025-02-17 11:20:00,37.04,29.1,76,1.8,613
2025-02-17 11:25:00,36.14,29.2,75,2.2,541
2025-02-17 11:30:00,36.16,28.8,76,2.7,527
2025-02-17 11:35:00,36.6,28.7,76,2.7,527
2025-02-17 11:40:00,37.78,28.6,78,1.8,520
2025-02-17 11:45:00,38.16,28.8,77,2.2,618
2025-02-17 11:50:00,38.02,28.9,76,2.7,748
2025-02-17 11:55:00,37.16,29.1,74,2.7,599
2025-02-17 12:00:00,37.42,29.0,74,3.1,679
2025-02-17 12:05:00,38.52,29.0,73,2.7,689
2025-02-17 12:10:00,39.48,29.2,73,2.7,700
2025-02-17 12:15:00,37.86,29.2,73,3.1,740
2025-02-17 12:20:00,38.48,28.9,74,3.6,723
2025-02-17 12:25:00,38.8,29.0,73,3.6,690
2025-02-17 12:30:00,39.7,29.1,72,3.1,773
2025-02-17 12:35:00,39.18,29.1,72,3.6,732
2025-02-17 12:40:00,38.8,29.4,72,3.1,789
2025-02-17 12:45:00,38.8,29.5,72,2.7,682
2025-02-17 12:50:00,40.2,29.7,70,2.7,783
2025-02-17 12:55:00,41.260000000000005,29.9,70,3.1,928
2025-02-17 13:00:00,39.86,30.2,69,2.7,928
2025-02-17 13:05:00,39.4,30.3,68,3.6,841
2025-02-17 13:10:00,39.16,30.4,68,3.1,1003
2025-02-17 13:15:00,39.14,30.4,67,3.1,872
2025-02-17 13:20:00,39.94,30.4,68,3.1,917
2025-02-17 13:25:00,38.96,30.6,68,3.1,832
2025-02-17 13:30:00,39.88,30.7,68,2.7,827
2025-02-17 13:35:00,40.74,30.6,68,2.7,903
2025-02-17 13:40:00,41.94,30.5,67,2.7,914
2025-02-17 13:45:00,42.34,30.5,66,2.7,923
2025-02-17 13:50:00,42.28,30.4,67,3.1,898
2025-02-17 13:55:00,42.32000000000001,30.7,69,3.1,924
2025-02-17 14:00:00,41.1,31.3,67,3.1,959
2025-02-17 14:05:00,41.12,31.3,66,3.6,940
2025-02-17 14:10:00,41.260000000000005,31.3,66,3.1,1011
2025-02-17 14:15:00,39.34,31.4,67,2.7,765
2025-02-17 14:20:00,37.88,31.4,66,3.1,584
2025-02-17 14:25:00,36.56,31.1,66,3.1,507
2025-02-17 14:30:00,37.1,30.6,68,3.1,532
2025-02-21 10:00:00,41.0,29.4,69,1.8,658
2025-02-21 10:05:00,40.88,29.7,68,1.8,764
2025-02-21 10:10:00,40.2,29.7,67,2.7,765
2025-02-21 10:15:00,39.260000000000005,29.7,67,2.7,760
2025-02-21 10:20:00,39.02,29.7,66,2.2,758
2025-02-21 10:25:00,38.62,29.7,65,2.2,703
2025-02-21 10:30:00,39.18,29.5,67,2.7,751
2025-02-21 10:35:00,40.0,29.7,66,2.2,775
2025-02-21 10:40:00,39.8,29.9,65,2.2,783
2025-02-21 10:45:00,39.760000000000005,29.9,63,2.7,800
2025-02-21 10:50:00,39.28,30.0,63,2.2,799
2025-02-21 10:55:00,39.82,30.1,63,2.2,795
2025-02-21 11:00:00,41.34,30.4,62,1.8,805
2025-02-21 11:05:00,41.2,30.7,60,2.2,814
2025-02-21 11:10:00,41.0,30.9,60,2.7,818
2025-02-21 11:15:00,40.02,30.9,60,2.2,798
2025-02-21 11:20:00,39.74,30.9,59,2.7,816
2025-02-21 11:25:00,40.1,30.9,60,2.2,842
2025-02-21 11:30:00,40.5,31.1,60,2.7,839
2025-02-21 11:35:00,40.5,31.3,58,2.7,857
2025-02-21 11:40:00,40.88,31.3,59,2.2,862
2025-02-21 11:45:00,40.58,31.6,58,2.2,854
2025-02-21 11:50:00,40.28,31.3,59,2.7,873
2025-02-21 11:55:00,40.86,31.1,59,2.7,870
2025-02-21 12:00:00,40.3,30.8,60,2.7,882
2025-02-21 12:05:00,40.68,30.4,61,2.7,882
2025-02-21 12:10:00,41.760000000000005,30.7,61,2.2,888
2025-02-21 12:15:00,41.4,31.1,59,2.7,891
2025-02-21 12:20:00,41.32,31.4,60,2.2,898
2025-02-21 12:25:00,41.64,31.4,60,2.7,896
2025-02-21 12:30:00,41.04,31.5,60,2.2,901
2025-02-21 12:35:00,40.22,31.3,60,2.7,906
2025-02-21 12:40:00,39.98,30.8,60,3.6,880
2025-02-21 12:45:00,40.18,30.6,59,3.6,914
2025-02-21 12:50:00,39.96,30.4,61,3.6,910
2025-02-21 12:55:00,40.46,30.3,61,4.0,900
2025-02-21 13:00:00,40.12,30.4,61,3.6,896
2025-02-21 13:05:00,40.38,30.3,61,4.0,902
2025-02-21 13:10:00,40.7,30.6,60,3.1,902
2025-02-21 13:15:00,40.52,30.7,59,3.6,903
2025-02-21 13:20:00,41.28,30.7,60,3.1,931
2025-02-21 13:25:00,40.9,30.9,59,3.1,942
2025-02-21 13:30:00,40.7,31.1,58,2.7,887
2025-02-21 13:35:00,40.6,31.3,58,3.1,925
2025-02-21 13:40:00,40.92,31.4,58,3.1,881
2025-02-21 13:45:00,40.6,31.3,58,3.1,854
2025-02-21 13:50:00,41.260000000000005,31.3,57,3.1,848
2025-02-21 13:55:00,40.62,31.3,58,3.1,837
2025-02-21 14:00:00,40.12,31.2,58,3.6,830
2025-02-21 14:05:00,40.84,31.2,58,3.1,841
2025-02-21 14:10:00,40.8,31.3,57,3.6,847
2025-02-21 14:15:00,39.52,31.2,57,3.6,794
2025-02-21 14:20:00,40.38,30.8,58,3.1,813
2025-02-21 14:25:00,40.22,30.9,58,3.1,754
2025-02-21 14:30:00,41.2,30.9,59,2.7,807
2025-02-21 14:35:00,40.68,31.2,57,3.1,797
2025-02-21 14:40:00,40.64,30.9,58,3.1,791
2025-02-21 14:45:00,40.44,31.1,57,3.6,785
2025-02-21 14:50:00,39.72,30.8,57,3.6,714
2025-02-21 14:55:00,40.17999999999999,30.8,57,3.1,702
2025-02-21 15:00:00,41.5,30.9,58,3.1,768
2025-02-21 15:05:00,41.260000000000005,31.1,57,3.1,776
2025-02-21 15:10:00,41.44,31.2,57,3.1,791
2025-02-21 15:15:00,38.38,31.4,56,3.1,699
2025-02-21 15:20:00,36.44,31.3,56,3.1,384
2025-02-21 15:25:00,35.9,30.8,57,2.7,345
2025-02-21 15:30:00,37.44,30.4,58,2.7,348
2025-02-21 15:35:00,36.66,30.4,59,2.7,474
2025-02-21 15:40:00,36.64,30.5,59,2.7,344
2025-02-21 15:45:00,38.34,30.4,59,2.7,498
2025-02-21 15:50:00,38.5,30.3,58,3.1,561
2025-02-21 15:55:00,38.88,30.3,59,2.7,550
2025-02-21 16:00:00,38.3,30.3,58,2.7,497
2025-02-22 10:00:00,38.16,29.7,67,2.7,699
2025-02-22 10:05:00,39.760000000000005,29.6,69,2.2,703
2025-02-22 10:10:00,38.28,29.7,68,2.2,684
2025-02-22 10:15:00,39.56,29.7,68,2.2,684
2025-02-22 10:20:00,39.8,29.8,68,1.8,731
2025-02-22 10:25:00,39.02,29.8,67,2.2,745
2025-02-22 10:30:00,38.38,29.7,66,2.2,756
2025-02-22 10:35:00,38.36,29.6,66,2.7,761
2025-02-22 10:40:00,38.64,29.8,65,2.2,771
2025-02-22 10:45:00,38.64,29.9,65,2.7,778
2025-02-22 10:50:00,38.44,29.9,65,2.7,788
2025-02-22 10:55:00,38.28,29.9,64,2.7,789
2025-02-22 11:00:00,37.64,29.9,66,2.7,792
2025-02-22 11:05:00,37.44,29.9,66,2.7,802
2025-02-22 11:10:00,37.34,29.7,65,2.7,811
2025-02-22 11:15:00,39.02,29.6,66,3.1,817
2025-02-22 11:20:00,39.22,29.6,67,2.7,827
2025-02-22 11:25:00,39.46,29.6,66,3.1,836
2025-02-22 11:30:00,39.46,29.6,67,2.7,830
2025-02-22 11:35:00,40.32000000000001,29.9,67,2.7,842
2025-02-22 11:40:00,40.7,30.0,66,3.1,847
2025-02-22 11:45:00,40.28,30.1,66,3.1,860
2025-02-22 11:50:00,39.66,30.1,65,3.1,868
2025-02-22 11:55:00,39.84,30.1,66,3.6,870
2025-02-22 12:00:00,39.6,30.3,66,3.1,868
2025-02-22 12:05:00,39.38,30.3,66,3.1,854
2025-02-22 12:10:00,39.16,30.1,65,3.1,863
2025-02-22 12:15:00,39.48,30.0,66,3.1,871
2025-02-22 12:20:00,39.78,30.2,65,2.7,877
2025-02-22 12:25:00,39.88,30.4,65,2.2,881
2025-02-22 12:30:00,39.58,30.6,64,2.7,885
2025-02-22 12:35:00,38.96,30.4,64,3.6,883
2025-02-22 12:40:00,39.0,30.2,64,3.1,884
2025-02-22 12:45:00,38.6,30.1,64,3.1,879
2025-02-22 12:50:00,39.12,29.8,65,3.1,879
2025-02-22 12:55:00,39.0,30.1,65,2.7,880
2025-02-22 13:00:00,39.5,30.1,64,3.1,882
2025-02-22 13:05:00,40.68,30.2,64,3.1,877
2025-02-22 13:10:00,39.64,30.3,64,2.7,878
2025-02-22 13:15:00,39.92,30.1,64,3.6,891
2025-02-22 13:20:00,40.8,30.0,65,3.1,892
2025-02-22 13:25:00,40.220000000000006,30.2,63,3.1,904
2025-02-22 13:30:00,39.94,30.2,62,3.1,888
2025-02-22 13:35:00,40.08,30.2,62,2.7,838
2025-02-22 13:40:00,40.16,29.9,62,3.6,889
2025-02-22 13:45:00,40.2,29.8,63,3.1,867
2025-02-22 13:50:00,39.6,30.1,62,3.6,851
2025-02-22 13:55:00,38.44,30.4,61,3.1,814
2025-02-22 14:00:00,39.0,30.3,62,3.6,710
2025-02-22 14:05:00,40.0,30.1,62,3.6,902
2025-02-22 14:10:00,41.04,30.1,62,3.6,897
2025-02-22 14:15:00,37.9,30.5,61,3.6,945
2025-02-22 14:20:00,33.86,30.5,60,3.1,388
2025-02-22 14:25:00,32.2,30.1,60,3.6,257
2025-02-22 14:30:00,31.44,29.4,62,3.1,217
2025-02-22 14:35:00,31.06,29.1,63,3.1,202
2025-02-22 14:40:00,30.84,28.6,64,4.0,201
2025-02-22 14:45:00,31.2,28.2,65,3.1,212
2025-02-22 14:50:00,31.74,28.1,66,2.7,230
2025-02-22 14:55:00,32.92,28.1,66,2.2,253
2025-02-22 15:00:00,35.82,28.3,66,2.2,389
2025-02-22 15:05:00,37.84,28.4,66,2.7,548
2025-02-22 15:10:00,38.720000000000006,28.8,65,2.7,608
2025-02-22 15:15:00,37.0,29.2,63,2.2,503
2025-02-22 15:20:00,38.24,29.1,64,2.2,480
2025-02-22 15:25:00,38.34,29.3,63,2.7,578
2025-02-22 15:30:00,38.760000000000005,29.1,63,3.1,575
2025-02-22 15:35:00,37.42,29.1,64,3.6,574
2025-02-22 15:40:00,37.56,28.9,65,3.1,538
2025-02-22 15:45:00,37.84,28.8,65,3.1,503
2025-02-22 15:50:00,37.34,28.8,65,3.1,523
2025-02-22 15:55:00,33.32000000000001,28.9,65,3.1,328
2025-02-22 16:00:00,32.9,28.5,65,3.6,247
2025-02-23 10:00:00,26.62,23.2,98,0.4,244
2025-02-23 10:05:00,28.32,23.2,98,0.0,293
2025-02-23 10:10:00,30.68,23.3,98,0.0,348
2025-02-23 10:15:00,33.36,23.3,97,0.4,417
2025-02-23 10:20:00,34.92,23.4,98,0.4,499
2025-02-23 10:25:00,36.7,23.8,98,0.9,556
2025-02-23 10:30:00,37.6,24.2,98,0.9,639
2025-02-23 10:35:00,39.24,24.4,98,0.9,689
2025-02-23 10:40:00,39.66,24.6,97,0.9,712
2025-02-23 10:45:00,40.9,24.8,96,0.9,740
2025-02-23 10:50:00,42.78,25.3,95,0.9,937
2025-02-23 10:55:00,43.22,25.5,93,1.3,953
2025-02-23 11:00:00,43.54,25.9,91,0.9,969
2025-02-23 11:05:00,41.06,26.4,91,0.9,937
2025-02-23 11:10:00,41.08,26.9,90,1.3,926
2025-02-23 11:15:00,39.66,27.2,88,1.3,903
2025-02-23 11:20:00,38.96,27.3,87,1.3,873
2025-02-23 11:25:00,40.58,27.5,85,1.8,908
2025-02-23 11:30:00,40.66,27.7,84,1.3,911
2025-02-23 11:35:00,40.18,27.9,84,1.3,860
2025-02-23 11:40:00,39.040000000000006,28.2,83,2.2,975
2025-02-23 11:45:00,40.0,28.4,83,2.2,951
2025-02-23 11:50:00,41.3,28.7,83,1.8,929
2025-02-23 11:55:00,40.12,28.9,81,2.2,937
2025-02-23 12:00:00,39.18,29.0,80,2.2,935
2025-02-23 12:05:00,41.18,29.1,79,2.7,926
2025-02-23 12:10:00,40.98,29.2,78,2.7,926
2025-02-23 12:15:00,39.1,29.2,77,2.2,962
2025-02-23 12:20:00,38.68,29.3,78,2.2,972
2025-02-23 12:25:00,38.82,29.2,77,2.7,937
2025-02-23 12:30:00,39.7,29.2,77,2.7,853
2025-02-23 12:35:00,40.68,29.3,77,2.2,960
2025-02-23 12:40:00,39.86,29.5,75,2.7,987
2025-02-23 12:45:00,40.0,29.6,75,2.7,920
2025-02-23 12:50:00,39.82,29.6,75,2.7,894
2025-02-23 12:55:00,39.56,29.6,74,3.6,870
2025-02-23 13:00:00,39.32,29.8,73,2.7,870
2025-02-23 13:05:00,39.52,29.6,74,2.7,898
2025-02-23 13:10:00,39.12,29.4,73,3.1,887
2025-02-23 13:15:00,38.7,29.3,74,3.6,888
2025-02-23 13:20:00,37.4,29.2,74,3.6,836
2025-02-23 13:25:00,38.04,29.2,74,3.6,816
2025-02-23 13:30:00,37.760000000000005,29.1,73,3.6,858
2025-02-23 13:35:00,37.98,29.2,74,3.1,859
2025-02-23 13:40:00,37.22,29.4,73,3.1,838
2025-02-23 13:45:00,37.54,29.1,73,3.6,834
2025-02-23 13:50:00,38.260000000000005,29.2,73,3.6,832
2025-02-23 13:55:00,38.92,29.4,72,3.1,819
2025-02-23 14:00:00,39.04,29.7,72,2.7,817
2025-02-23 14:05:00,39.1,30.1,70,3.1,807
2025-02-23 14:10:00,39.44,30.0,69,4.0,801
2025-02-23 14:15:00,38.54,29.9,68,3.6,785
2025-02-23 14:20:00,38.74,29.7,69,3.1,771
2025-02-23 14:25:00,39.94,29.9,70,3.1,783
2025-02-23 14:30:00,38.86,29.9,69,2.7,767
2025-02-23 14:35:00,37.32,30.1,67,3.1,713
2025-02-23 14:40:00,37.16,29.9,67,2.7,711
2025-02-23 14:45:00,37.36,29.9,68,2.7,695
2025-02-23 14:50:00,39.08,30.1,67,2.2,719
2025-02-23 14:55:00,38.72,30.1,68,2.2,703
2025-02-23 15:00:00,38.54,30.1,68,2.2,694
2025-02-23 15:05:00,38.9,30.1,66,2.7,687
2025-02-23 15:10:00,40.1,30.3,66,2.2,686
2025-02-23 15:15:00,40.1,30.4,64,2.7,679
2025-02-23 15:20:00,39.52,30.6,64,2.7,667
2025-02-23 15:25:00,39.68,30.6,64,2.2,657
2025-02-23 15:30:00,40.5,30.6,64,2.2,654
2025-02-23 15:35:00,39.56,30.7,63,2.2,640
2025-02-23 15:40:00,39.62,30.8,63,2.2,622
2025-02-23 15:45:00,38.9,30.6,62,2.7,619
2025-02-23 15:50:00,39.54,30.4,64,2.7,577
2025-02-23 15:55:00,38.92,30.5,65,1.8,546
2025-02-23 16:00:00,39.3,30.6,65,2.7,571
2025-02-24 10:00:00,39.82,28.3,74,1.3,688
2025-02-24 10:05:00,39.78,28.4,73,1.8,707
2025-02-24 10:10:00,40.12,28.4,73,1.8,717
2025-02-24 10:15:00,41.58,28.7,71,2.2,732
2025-02-24 10:20:00,40.72,28.9,72,2.2,756
2025-02-24 10:25:00,40.88,28.9,70,1.8,762
2025-02-24 10:30:00,39.5,29.0,70,2.2,781
2025-02-24 10:35:00,40.46,29.1,71,1.8,789
2025-02-24 10:40:00,40.3,29.4,69,1.8,801
2025-02-24 10:45:00,39.56,29.4,69,2.2,811
2025-02-24 10:50:00,39.62,29.4,69,2.7,829
2025-02-24 10:55:00,40.98,29.5,70,2.2,833
2025-02-24 11:00:00,40.5,29.8,68,2.2,843
2025-02-24 11:05:00,40.6,29.9,67,2.2,845
2025-02-24 11:10:00,40.48,29.8,66,2.7,851
2025-02-24 11:15:00,40.4,29.7,67,2.7,856
2025-02-24 11:20:00,41.06,30.0,68,1.8,867
2025-02-24 11:25:00,40.56,30.3,66,2.7,875
2025-02-24 11:30:00,41.82,30.2,66,2.7,878
2025-02-24 11:35:00,41.32,30.4,66,2.2,886
2025-02-24 11:40:00,41.36,30.4,64,3.1,892
2025-02-24 11:45:00,40.36,30.5,65,2.7,894
2025-02-24 11:50:00,40.1,30.6,64,2.7,894
2025-02-24 11:55:00,41.52,30.6,65,2.2,893
2025-02-24 12:00:00,41.08,30.7,65,2.7,890
2025-02-24 12:05:00,40.66,30.7,65,2.7,893
2025-02-24 12:10:00,40.58,30.7,63,2.2,900
2025-02-24 12:15:00,40.14,30.6,65,2.7,900
2025-02-24 12:20:00,39.84,30.3,65,3.1,899
2025-02-24 12:25:00,40.32,30.5,64,2.7,900
2025-02-24 12:30:00,39.8,30.8,63,2.7,901
2025-02-24 12:35:00,39.78,30.7,63,2.7,903
2025-02-24 12:40:00,39.98,30.5,64,3.1,907
2025-02-24 12:45:00,40.28,30.3,64,3.1,909
2025-02-24 12:50:00,40.54,30.6,65,2.2,904
2025-02-24 12:55:00,40.18,30.9,64,2.7,893
2025-02-24 13:00:00,39.8,30.9,62,2.7,892
2025-02-24 13:05:00,40.98,30.8,63,2.7,895
2025-02-24 13:10:00,40.28,31.0,62,2.7,893
2025-02-24 13:15:00,40.58,31.1,62,2.7,877
2025-02-24 13:20:00,40.32,30.9,62,2.7,862
2025-02-24 13:25:00,40.34,30.5,64,2.7,846
2025-02-24 13:30:00,40.82,30.3,64,2.7,850
2025-02-24 13:35:00,40.9,30.1,63,2.2,841
2025-02-24 13:40:00,41.78,30.3,64,2.2,836
2025-02-24 13:45:00,40.74,30.3,64,2.7,808
2025-02-24 13:50:00,40.86,30.6,64,2.7,809
2025-02-24 13:55:00,42.08,30.9,61,3.1,799
2025-02-24 14:00:00,41.78,31.1,61,2.7,813
2025-02-24 14:05:00,42.12,31.2,60,2.7,805
2025-02-24 14:10:00,42.48,31.3,61,2.2,769
2025-02-24 14:15:00,42.5,31.4,60,3.1,794
2025-02-24 14:20:00,41.96,31.6,61,2.2,774
2025-02-24 14:25:00,40.96,31.5,62,2.7,693
2025-02-24 14:30:00,39.52,31.3,65,2.7,683
2025-02-24 14:35:00,39.46,31.3,64,2.7,694
2025-02-24 14:40:00,39.68,30.8,63,2.7,640
2025-02-24 14:45:00,40.7,30.6,64,2.7,657
2025-02-24 14:50:00,41.34,30.7,63,2.7,674
2025-02-24 14:55:00,40.94,30.8,63,1.8,673
2025-02-24 15:00:00,41.260000000000005,31.1,62,1.8,654
2025-02-24 15:05:00,41.02,31.2,62,1.8,629
2025-02-24 15:10:00,41.08,31.1,63,1.8,609
2025-02-24 15:15:00,40.42,30.9,64,1.8,585
2025-02-24 15:20:00,40.62,30.7,61,1.8,572
2025-02-24 15:25:00,41.44,30.8,64,1.8,559
2025-02-24 15:30:00,41.02,31.0,62,2.2,589
2025-02-24 15:35:00,41.06,31.2,60,2.2,593
2025-02-24 15:40:00,37.7,31.2,61,2.2,530
2025-02-24 15:45:00,37.34,30.9,62,2.2,384
2025-02-24 15:50:00,36.46,30.7,62,1.8,342
2025-02-24 15:55:00,35.46,30.5,64,2.2,287
2025-02-24 16:00:00,35.1,30.3,64,2.2,259
2025-02-25 10:00:00,38.22,28.6,76,1.8,694
2025-02-25 10:05:00,39.0,28.4,77,1.8,661
2025-02-25 10:10:00,39.2,28.4,77,2.2,730
2025-02-25 10:15:00,39.96,28.7,76,2.2,741
2025-02-25 10:20:00,39.760000000000005,28.7,76,2.2,742
2025-02-25 10:25:00,40.5,28.8,76,2.2,744
2025-02-25 10:30:00,39.88,29.0,73,2.2,754
2025-02-25 10:35:00,39.94,29.2,74,2.2,770
2025-02-25 10:40:00,40.86,29.3,73,2.2,787
2025-02-25 10:45:00,40.02,29.5,72,1.8,798
2025-02-25 10:50:00,39.16,29.7,73,2.2,797
2025-02-25 10:55:00,38.98,29.6,73,2.7,813
2025-02-25 11:00:00,39.24,29.7,74,2.7,823
2025-02-25 11:05:00,38.86,29.4,74,3.1,822
2025-02-25 11:10:00,38.44,29.1,75,3.1,827
2025-02-25 11:15:00,38.7,28.9,76,2.7,845
2025-02-25 11:20:00,38.94,28.6,77,2.7,858
2025-02-25 11:25:00,38.4,28.5,77,2.7,854
2025-02-25 11:30:00,38.36,28.4,78,2.7,859
2025-02-25 11:35:00,38.0,28.4,78,2.7,856
2025-02-25 11:40:00,37.74,28.3,77,2.7,875
2025-02-25 11:45:00,38.3,28.2,78,2.7,868
2025-02-25 11:50:00,38.4,28.3,77,2.7,859
2025-02-25 11:55:00,38.32,28.2,77,3.1,885
2025-02-25 12:00:00,38.9,28.2,78,2.2,889
2025-02-25 12:05:00,38.82,28.3,76,2.7,877
2025-02-25 12:10:00,39.42,28.4,77,2.7,878
2025-02-25 12:15:00,39.52,28.5,76,2.2,874
2025-02-25 12:20:00,39.58,28.8,76,2.7,887
2025-02-25 12:25:00,39.92,29.2,74,2.7,898
2025-02-25 12:30:00,39.6,29.2,74,1.8,884
2025-02-25 12:35:00,40.36,29.2,72,2.2,892
2025-02-25 12:40:00,40.6,29.3,73,2.2,887
2025-02-25 12:45:00,39.72,29.4,72,2.2,892
2025-02-25 12:50:00,39.48,29.1,71,3.1,882
2025-02-25 12:55:00,40.24,28.8,73,1.8,879
2025-02-25 13:00:00,40.0,29.1,72,2.7,863
2025-02-25 13:05:00,39.44,29.3,70,2.2,867
2025-02-25 13:10:00,39.16,29.3,70,3.1,847
2025-02-25 13:15:00,40.02,29.3,71,3.1,854
2025-02-25 13:20:00,39.92,29.3,71,2.7,842
2025-02-25 13:25:00,41.0,29.4,70,2.2,835
2025-02-25 13:30:00,40.32,29.8,68,2.7,840
2025-02-25 13:35:00,40.44,29.6,67,3.1,840
2025-02-25 13:40:00,39.84,29.7,69,2.2,827
2025-02-25 13:45:00,39.72,29.9,68,2.2,816
2025-02-25 13:50:00,38.68,29.9,68,3.1,808
2025-02-25 13:55:00,39.0,29.8,69,2.7,795
2025-02-25 14:00:00,40.32,29.8,68,3.1,783
2025-02-25 14:05:00,39.68,29.9,69,3.1,783
2025-02-25 14:10:00,40.48,29.8,70,2.7,767
2025-02-25 14:15:00,40.46,29.9,69,2.7,751
2025-02-25 14:20:00,39.3,29.9,67,2.7,725
2025-02-25 14:25:00,38.28,29.6,70,2.2,690
2025-02-25 14:30:00,38.42,29.5,69,2.7,700
2025-02-25 14:35:00,39.36,29.3,70,2.7,677
2025-02-25 14:40:00,38.14,29.4,70,2.2,690
2025-02-25 14:45:00,37.44,29.4,70,2.7,642
2025-02-25 14:50:00,38.04,29.2,69,2.2,610
2025-02-25 14:55:00,37.36,29.0,70,1.8,591
2025-02-25 15:00:00,38.02,28.9,70,2.2,601
2025-02-25 15:05:00,39.46,28.8,71,2.2,574
2025-02-25 15:10:00,37.7,29.0,70,2.7,599
2025-02-25 15:15:00,36.67999999999999,29.0,71,2.2,517
2025-02-25 15:20:00,38.12,28.9,70,2.2,553
2025-02-25 15:25:00,37.72,28.9,71,2.7,503
2025-02-25 15:30:00,37.88,28.9,71,2.2,537
2025-02-25 15:35:00,37.24,28.9,71,2.2,517
2025-02-25 15:40:00,37.82,28.8,71,2.2,493
2025-02-25 15:45:00,37.42,28.9,71,1.8,470
2025-02-25 15:50:00,36.62,29.0,70,1.8,448
2025-02-25 15:55:00,35.959999999999994,29.0,71,2.2,439
2025-02-25 16:00:00,35.2,28.9,71,2.2,412
2025-02-26 10:00:00,37.54,27.8,79,1.3,413
2025-02-26 10:05:00,40.02,28.0,79,1.3,712
2025-02-26 10:10:00,37.82,28.2,77,1.3,516
2025-02-26 10:15:00,38.42,28.3,76,1.3,497
2025-02-26 10:20:00,39.84,28.4,77,1.3,530
2025-02-26 10:25:00,38.58,28.6,76,2.2,661
2025-02-26 10:30:00,41.5,28.6,76,2.2,582
2025-02-26 10:35:00,41.22,28.8,76,1.8,801
2025-02-26 10:40:00,40.44,29.0,75,2.7,758
2025-02-26 10:45:00,41.02,29.0,76,2.2,772
2025-02-26 10:50:00,40.58,29.2,75,1.8,801
2025-02-26 10:55:00,40.74,29.4,74,1.8,810
2025-02-26 11:00:00,39.74,29.4,74,2.2,813
2025-02-26 11:05:00,39.260000000000005,29.6,73,2.2,828
2025-02-26 11:10:00,39.34,29.6,73,2.7,840
2025-02-26 11:15:00,39.56,29.6,72,2.7,843
2025-02-26 11:20:00,38.16,29.8,73,2.2,853
2025-02-26 11:25:00,38.22,29.7,72,2.7,848
2025-02-26 11:30:00,38.82,29.4,73,2.2,852
2025-02-26 11:35:00,38.74,29.5,73,2.2,863
2025-02-26 11:40:00,38.32,29.5,72,2.7,856
2025-02-26 11:45:00,39.22,29.4,72,2.2,864
2025-02-26 11:50:00,38.74,29.5,73,2.7,877
2025-02-26 11:55:00,38.68,29.6,73,2.7,883
2025-02-26 12:00:00,38.36,29.6,72,2.2,878
2025-02-26 12:05:00,39.98,29.6,73,2.2,886
2025-02-26 12:10:00,38.52,29.5,72,3.1,893
2025-02-26 12:15:00,38.84,29.4,73,2.7,882
2025-02-26 12:20:00,37.74,29.6,72,2.7,884
2025-02-26 12:25:00,39.28,29.3,71,2.7,884
2025-02-26 12:30:00,39.4,29.1,73,1.8,887
2025-02-26 12:35:00,40.4,29.1,72,2.7,889
2025-02-26 12:40:00,39.38,28.9,73,1.8,881
2025-02-26 12:45:00,40.2,29.4,72,2.2,881
2025-02-26 12:50:00,38.88,29.4,71,2.7,875
2025-02-26 12:55:00,38.98,29.4,72,2.7,877
2025-02-26 13:00:00,38.760000000000005,29.3,72,2.7,858
2025-02-26 13:05:00,38.84,29.3,72,2.2,846
2025-02-26 13:10:00,39.1,29.4,72,3.1,854
2025-02-26 13:15:00,38.36,29.4,70,3.1,844
2025-02-26 13:20:00,38.5,29.2,72,2.2,841
2025-02-26 13:25:00,38.98,29.5,70,2.7,844
2025-02-26 13:30:00,38.8,29.6,70,2.7,842
2025-02-26 13:35:00,38.8,29.4,71,2.7,844
2025-02-26 13:40:00,38.9,29.4,71,2.7,840
2025-02-26 13:45:00,38.98,29.4,70,2.7,835
2025-02-26 13:50:00,38.72,29.3,70,2.7,834
2025-02-26 13:55:00,38.14,29.5,70,2.7,833
2025-02-26 14:00:00,38.48,29.4,69,2.7,813
2025-02-26 14:05:00,38.9,29.4,68,2.7,811
2025-02-26 14:10:00,38.46,29.5,70,2.7,798
2025-02-26 14:15:00,39.4,29.7,68,2.7,791
2025-02-26 14:20:00,38.4,29.7,69,2.7,789
2025-02-26 14:25:00,36.84,29.6,69,2.7,770
2025-02-26 14:30:00,37.08,29.3,69,2.7,763
2025-02-26 14:35:00,36.72,29.2,71,3.1,746
2025-02-26 14:40:00,37.6,28.8,71,2.7,732
2025-02-26 14:45:00,37.78,28.7,71,2.7,730
2025-02-26 14:50:00,37.7,28.7,73,2.7,716
2025-02-26 14:55:00,37.5,28.7,73,2.2,700
2025-02-26 15:00:00,37.46,28.6,73,3.1,690
2025-02-26 15:05:00,38.14,28.6,73,2.2,673
2025-02-26 15:10:00,39.08,28.7,73,2.2,648
2025-02-26 15:15:00,38.84,28.9,73,2.2,631
2025-02-26 15:20:00,38.44,28.8,72,2.2,598
2025-02-26 15:25:00,38.1,28.7,71,2.2,565
2025-02-26 15:30:00,36.8,28.7,70,2.2,557
2025-02-26 15:35:00,36.56,28.7,71,2.2,530
2025-02-26 15:40:00,37.18,28.6,71,2.2,527
2025-02-26 15:45:00,37.2,28.5,71,2.2,515
2025-02-26 15:50:00,37.6,28.2,74,2.2,509
2025-02-26 15:55:00,37.760000000000005,28.1,73,2.2,485
2025-02-26 16:00:00,38.4,28.3,73,2.2,476
2025-02-27 10:00:00,39.9,27.9,76,1.8,669
2025-02-27 10:05:00,40.08,28.1,76,1.3,690
2025-02-27 10:10:00,40.56,28.3,76,1.8,716
2025-02-27 10:15:00,40.7,28.7,76,1.8,733
2025-02-27 10:20:00,40.66,28.9,74,2.2,734
2025-02-27 10:25:00,40.48,28.9,75,1.8,741
2025-02-27 10:30:00,40.54,29.1,74,2.2,758
2025-02-27 10:35:00,41.260000000000005,29.2,73,1.8,784
2025-02-27 10:40:00,40.9,29.2,74,2.2,779
2025-02-27 10:45:00,41.0,29.5,74,2.2,805
2025-02-27 10:50:00,40.56,29.7,73,2.2,810
2025-02-27 10:55:00,41.18,29.8,72,2.2,811
2025-02-27 11:00:00,41.08,30.1,72,2.2,802
2025-02-27 11:05:00,39.6,30.3,72,2.2,845
2025-02-27 11:10:00,40.32,30.3,72,2.2,838
2025-02-27 11:15:00,40.18,30.3,71,2.7,852
2025-02-27 11:20:00,40.72,30.4,72,2.2,861
2025-02-27 11:25:00,40.6,30.7,71,2.2,863
2025-02-27 11:30:00,40.64,30.8,70,2.7,864
2025-02-27 11:35:00,40.76,30.9,70,2.2,856
2025-02-27 11:40:00,39.62,30.9,70,3.1,864
2025-02-27 11:45:00,40.8,30.7,71,3.1,871
2025-02-27 11:50:00,40.1,30.7,71,3.1,874
2025-02-27 11:55:00,40.1,30.9,70,2.7,870
2025-02-27 12:00:00,38.64,30.9,70,2.7,854
2025-02-27 12:05:00,38.94,30.8,70,2.7,880
2025-02-27 12:10:00,39.86,30.7,71,2.7,865
2025-02-27 12:15:00,40.66,30.8,69,2.7,879
2025-02-27 12:20:00,40.3,30.9,70,3.1,880
2025-02-27 12:25:00,41.32,31.1,69,2.7,892
2025-02-27 12:30:00,41.6,31.3,68,2.7,902
2025-02-27 12:35:00,41.42,31.2,67,2.7,902
2025-02-27 12:40:00,41.38,30.9,66,3.1,929
2025-02-27 12:45:00,41.1,30.7,69,2.2,900
2025-02-27 12:50:00,37.84,30.7,67,2.2,920
2025-02-27 12:55:00,40.42,30.5,68,2.7,684
2025-02-27 13:00:00,40.760000000000005,30.5,68,3.1,922
2025-02-27 13:05:00,41.2,30.7,68,3.1,924
2025-02-27 13:10:00,41.16,30.7,67,3.1,909
2025-02-27 13:15:00,40.7,30.9,66,3.1,900
2025-02-27 13:20:00,40.46,30.6,67,3.1,892
2025-02-27 13:25:00,40.82,30.7,67,3.1,878
2025-02-27 13:30:00,40.6,30.7,66,3.1,877
2025-02-28 10:00:00,38.36,27.8,78,1.3,705
2025-02-28 10:05:00,37.94,27.7,78,2.2,711
2025-02-28 10:10:00,37.38,27.7,78,2.2,735
2025-02-28 10:15:00,38.260000000000005,27.6,78,2.2,743
2025-02-28 10:20:00,38.16,27.7,78,1.8,753
2025-02-28 10:25:00,38.14,27.7,78,2.7,759
2025-02-28 10:30:00,38.32,27.8,78,2.2,762
2025-02-28 10:35:00,38.42,28.1,78,1.8,783
2025-02-28 10:40:00,38.68,28.3,76,1.8,785
2025-02-28 10:45:00,39.16,28.3,75,1.8,796
2025-02-28 10:50:00,39.74,28.2,76,1.8,797
2025-02-28 10:55:00,39.64,28.4,74,2.2,814
2025-02-28 11:00:00,39.0,28.6,76,2.2,818
2025-02-28 11:05:00,37.78,28.7,75,2.7,836
2025-02-28 11:10:00,38.46,28.3,76,2.7,824
2025-02-28 11:15:00,39.6,28.5,76,2.7,838
2025-02-28 11:20:00,38.72,28.6,75,2.2,852
2025-02-28 11:25:00,38.02,28.6,75,2.7,868
2025-02-28 11:30:00,38.7,28.7,75,2.7,872
2025-02-28 11:35:00,39.62,28.8,75,2.7,893
2025-02-28 11:40:00,38.42,28.9,75,2.2,881
2025-02-28 11:45:00,37.52,28.8,74,2.7,879
2025-02-28 11:50:00,37.86,28.7,75,2.7,890
2025-02-28 11:55:00,37.34,28.6,76,2.7,901
2025-02-28 12:00:00,37.72,28.6,74,2.7,894
2025-02-28 12:05:00,37.9,28.4,76,2.2,883
2025-02-28 12:10:00,38.58,28.6,75,2.7,884
2025-02-28 12:15:00,38.32,28.8,74,2.7,897
2025-02-28 12:20:00,38.74,28.7,74,2.7,879
2025-02-28 12:25:00,39.32,28.5,74,2.7,891
2025-02-28 12:30:00,39.22,28.6,74,2.2,901
2025-02-28 12:35:00,38.66,28.7,74,2.2,903
2025-02-28 12:40:00,38.28,28.9,74,2.2,894
2025-02-28 12:45:00,38.4,29.0,72,3.1,899
2025-02-28 12:50:00,38.9,29.0,72,2.7,902
2025-02-28 12:55:00,39.14,29.1,71,2.7,898
2025-02-28 13:00:00,37.94,29.2,71,2.2,897
2025-02-28 13:05:00,38.260000000000005,29.1,69,3.1,875
2025-02-28 13:10:00,39.56,29.0,70,2.7,857
2025-02-28 13:15:00,39.04,29.1,69,2.7,879
2025-02-28 13:20:00,37.8,29.3,68,3.1,861
2025-02-28 13:25:00,39.14,29.4,68,2.7,859
2025-02-28 13:30:00,39.82,29.7,66,2.7,866
2025-02-28 13:35:00,39.0,29.9,66,2.7,857
2025-02-28 13:40:00,39.36,29.6,68,2.7,851
2025-02-28 13:45:00,38.56,29.3,70,2.7,849
2025-02-28 13:50:00,38.760000000000005,29.3,66,3.1,839
2025-02-28 13:55:00,39.42,29.4,67,2.7,827
2025-02-28 14:00:00,39.66,29.5,65,2.2,822
2025-02-28 14:05:00,39.94,29.8,64,2.2,816
2025-02-28 14:10:00,38.56,29.9,61,2.7,808
2025-02-28 14:15:00,39.9,29.7,63,2.2,792
2025-02-28 14:20:00,39.5,29.8,61,3.1,781
2025-02-28 14:25:00,40.28,29.8,61,2.7,772
2025-02-28 14:30:00,40.88,30.0,63,2.2,772
2025-02-28 14:35:00,40.260000000000005,29.7,66,3.1,762
2025-02-28 14:40:00,40.44,29.7,64,3.1,755
2025-02-28 14:45:00,40.14,29.9,63,2.2,738
2025-02-28 14:50:00,38.84,29.7,64,2.7,720
2025-02-28 14:55:00,40.08,29.6,63,3.1,702
2025-02-28 15:00:00,39.56,29.8,63,2.2,704
2025-02-28 15:05:00,40.06,29.7,62,2.2,679
2025-02-28 15:10:00,39.82,29.8,60,2.2,668
2025-02-28 15:15:00,39.6,29.9,59,2.7,654
2025-02-28 15:20:00,39.3,29.8,60,3.1,633
2025-02-28 15:25:00,39.52,29.7,63,2.2,614
2025-02-28 15:30:00,38.62,29.7,63,2.2,599
2025-02-28 15:35:00,38.84,29.7,64,2.7,586
2025-02-28 15:40:00,37.78,29.7,61,2.2,554
2025-02-28 15:45:00,39.42,29.4,63,3.1,554
2025-02-28 15:50:00,39.0,29.4,62,2.7,563
2025-02-28 15:55:00,38.66,29.0,68,2.7,575
2025-02-28 16:00:00,37.9,28.9,66,2.7,540
2025-03-01 10:00:00,40.52,28.9,72,2.2,689
2025-03-01 10:05:00,40.72,28.7,72,1.8,699
2025-03-01 10:10:00,41.34,28.8,73,1.3,707
2025-03-01 10:15:00,39.94,28.9,72,1.8,715
2025-03-01 10:20:00,40.68,29.0,72,2.2,736
2025-03-01 10:25:00,40.14,29.1,73,2.2,747
2025-03-01 10:30:00,39.7,29.3,73,2.2,754
2025-03-01 10:35:00,40.22,29.3,72,2.2,763
2025-03-01 10:40:00,39.12,29.2,72,2.2,718
2025-03-01 10:45:00,39.3,29.2,71,2.7,728
2025-03-01 10:50:00,39.04,29.3,72,1.8,791
2025-03-01 10:55:00,39.98,29.2,70,2.7,798
2025-03-01 11:00:00,39.06,29.3,70,2.7,823
2025-03-01 11:05:00,40.38,29.3,69,2.7,834
2025-03-01 11:10:00,39.98,29.7,68,2.2,854
2025-03-01 11:15:00,40.48,29.7,68,2.2,866
2025-03-01 11:20:00,38.64,29.8,69,2.7,855
2025-03-01 11:25:00,38.9,29.7,68,2.2,823
2025-03-01 11:30:00,37.78,29.3,71,2.7,785
2025-03-01 11:35:00,37.84,29.2,71,2.7,768
2025-03-01 11:40:00,38.42,29.1,71,2.7,808
2025-03-01 11:45:00,38.06,28.8,72,3.1,824
2025-03-01 11:50:00,37.92,28.8,73,3.1,832
2025-03-01 11:55:00,38.3,28.8,73,2.7,869
2025-03-01 12:00:00,37.86,28.7,75,3.1,875
2025-03-01 12:05:00,38.36,28.8,75,2.2,854
2025-03-01 12:10:00,39.06,28.8,74,2.7,870
2025-03-01 12:15:00,37.96,28.9,74,2.7,867
2025-03-01 12:20:00,37.8,28.9,73,2.7,883
2025-03-01 12:25:00,39.16,28.9,74,2.7,871
2025-03-01 12:30:00,38.5,29.1,73,2.2,853
2025-03-01 12:35:00,38.58,29.4,72,2.7,841
2025-03-01 12:40:00,38.52,29.5,71,2.2,878
2025-03-01 12:45:00,39.32,29.3,72,2.7,879
2025-03-01 12:50:00,39.3,29.4,72,2.2,907
2025-03-01 12:55:00,39.92,29.6,71,2.7,924
2025-03-01 13:00:00,39.1,29.6,71,2.7,938
2025-03-01 13:05:00,39.5,29.4,70,2.7,913
2025-03-01 13:10:00,39.64,29.6,70,2.7,899
2025-03-01 13:15:00,37.18,29.9,69,2.7,816
2025-03-01 13:20:00,38.32,29.7,68,2.7,694
2025-03-01 13:25:00,38.62,29.7,67,2.7,725
2025-03-01 13:30:00,37.3,29.5,66,3.1,701
2025-03-01 13:35:00,38.58,29.3,68,2.7,694
2025-03-01 13:40:00,38.98,29.3,68,2.7,777
2025-03-01 13:45:00,40.96,29.6,67,2.7,790
2025-03-01 13:50:00,41.760000000000005,29.7,67,2.2,878
2025-03-01 13:55:00,39.42,29.9,65,2.7,915
2025-03-01 14:00:00,40.34,29.9,65,2.7,687
2025-03-01 14:05:00,40.02,29.8,67,2.7,858
2025-03-01 14:10:00,40.260000000000005,29.9,66,2.7,744
2025-03-01 14:15:00,41.14,29.8,68,2.2,847
2025-03-01 14:20:00,40.6,30.0,66,2.7,805
2025-03-01 14:25:00,43.260000000000005,29.9,66,2.7,852
2025-03-01 14:30:00,42.14,30.3,64,2.7,882
2025-03-01 14:35:00,43.0,30.0,65,2.7,932
2025-03-01 14:40:00,40.74,30.2,64,3.1,917
2025-03-01 14:45:00,40.98,30.0,64,2.7,742
2025-03-01 14:50:00,40.120000000000005,29.9,65,2.7,711
2025-03-01 14:55:00,39.34,30.1,64,2.7,597
2025-03-01 15:00:00,37.56,29.9,64,3.1,606
2025-03-01 15:05:00,37.9,29.6,66,2.2,502
2025-03-01 15:10:00,37.7,29.6,66,1.8,540
2025-03-01 15:15:00,38.22,29.6,65,2.7,520
2025-03-01 15:20:00,37.34,29.4,65,3.1,571
2025-03-01 15:25:00,37.18,29.3,65,2.2,504
2025-03-01 15:30:00,38.14,29.2,66,2.2,558
2025-03-01 15:35:00,38.12,29.2,65,2.2,523
2025-03-01 15:40:00,36.98,29.2,64,2.7,484
2025-03-01 15:45:00,36.42,28.8,67,1.8,427
2025-03-01 15:50:00,35.0,28.7,66,2.2,390
2025-03-01 15:55:00,35.1,28.7,66,1.8,351
2025-03-01 16:00:00,35.6,28.7,66,1.8,351
2025-03-02 10:00:00,41.08,29.2,72,1.8,719
2025-03-02 10:05:00,41.42,29.4,71,1.8,725
2025-03-02 10:10:00,40.760000000000005,29.4,71,2.2,749
2025-03-02 10:15:00,40.3,29.4,71,2.7,765
2025-03-02 10:20:00,40.88,29.4,72,2.2,746
2025-03-02 10:25:00,40.96,29.4,71,2.2,797
2025-03-02 10:30:00,40.62,29.6,71,2.2,806
2025-03-02 10:35:00,40.44,29.9,69,1.8,819
2025-03-02 10:40:00,39.58,30.2,68,2.2,769
2025-03-02 10:45:00,37.84,30.1,69,2.7,679
2025-03-02 10:50:00,36.3,29.9,69,2.2,604
2025-03-02 10:55:00,36.5,29.9,69,2.2,449
2025-03-02 11:00:00,38.06,29.7,69,2.2,583
2025-03-02 11:05:00,37.98,29.8,69,2.2,712
2025-03-02 11:10:00,37.28,29.9,67,2.2,527
2025-03-02 11:15:00,38.4,30.0,69,1.8,586
2025-03-02 11:20:00,39.74,30.0,68,2.7,674
2025-03-02 11:25:00,39.440000000000005,30.1,67,2.2,804
2025-03-02 11:30:00,42.06,30.4,65,2.7,723
2025-03-02 11:35:00,40.52,30.6,65,2.2,1001
2025-03-02 11:40:00,39.82,30.8,65,2.7,821
2025-03-02 11:45:00,42.16,30.7,64,2.7,793
2025-03-02 11:50:00,41.82,30.9,65,2.7,871
2025-03-02 11:55:00,41.42,30.9,64,2.2,923
2025-03-02 12:00:00,41.78,30.6,65,3.1,905
2025-03-02 12:05:00,42.52,30.6,65,2.2,919
2025-03-02 12:10:00,40.84,31.1,64,2.2,925
2025-03-02 12:15:00,41.1,31.2,63,3.1,928
2025-03-02 12:20:00,41.3,31.3,63,2.7,919
2025-03-02 12:25:00,43.28,31.6,62,2.2,914
2025-03-02 12:30:00,42.62,31.7,61,2.2,918
2025-03-02 12:35:00,42.42,31.9,62,2.2,921
2025-03-02 12:40:00,42.14,32.2,60,2.7,905
2025-03-02 12:45:00,41.6,32.2,60,2.2,923
2025-03-02 12:50:00,41.84,32.1,60,2.2,926
2025-03-02 12:55:00,40.96,31.9,60,2.7,929
2025-03-02 13:00:00,42.88,31.8,60,2.7,848
2025-03-02 13:05:00,42.74,31.9,60,2.2,892
2025-03-02 13:10:00,42.18,32.0,59,2.2,825
2025-03-02 13:15:00,42.58,32.1,59,2.7,794
2025-03-02 13:20:00,42.3,32.1,59,2.2,808
2025-03-02 13:25:00,41.7,31.9,59,2.7,734
2025-03-02 13:30:00,42.8,31.9,59,2.2,748
2025-03-02 13:35:00,42.42,32.1,58,3.1,865
2025-03-02 13:40:00,43.78,32.0,59,2.7,738
2025-03-02 13:45:00,43.04,32.1,58,2.7,888
2025-03-02 13:50:00,42.12,32.3,57,2.7,939
2025-03-02 13:55:00,42.86,32.3,59,2.7,819
2025-03-02 14:00:00,43.38,32.3,59,2.7,810
2025-03-02 14:05:00,43.36,31.6,61,3.1,900
2025-03-02 14:10:00,43.94,31.6,60,2.7,898
2025-03-02 14:15:00,43.78,31.3,61,3.1,931
2025-03-02 14:20:00,44.02,31.2,61,3.1,916
2025-03-02 14:25:00,44.04,31.1,62,3.1,899
2025-03-02 14:30:00,45.02,30.9,62,3.1,911
2025-03-02 14:35:00,44.1,31.0,63,2.7,921
2025-03-02 14:40:00,40.56,31.2,61,3.1,837
2025-03-02 14:45:00,42.5,31.2,61,2.2,520
2025-03-02 14:50:00,42.5,31.2,62,2.7,744
2025-03-02 14:55:00,40.8,31.1,61,2.7,750
2025-03-02 15:00:00,42.12,31.1,61,2.2,622
2025-03-02 15:05:00,41.88,31.3,61,2.2,686
2025-03-02 15:10:00,41.74,31.3,61,2.2,693
2025-03-02 15:15:00,40.2,31.4,60,2.2,588
2025-03-02 15:20:00,37.94,31.3,60,2.7,551
2025-03-02 15:25:00,37.16,31.1,60,2.2,334
2025-03-02 15:30:00,34.64,30.7,60,2.2,337
2025-03-02 15:35:00,35.12,30.2,61,2.2,236
2025-03-02 15:40:00,36.42,30.1,62,1.8,328
2025-03-02 15:45:00,37.88,30.1,63,2.2,422
2025-03-02 15:50:00,37.44,30.1,63,2.2,490
2025-03-02 15:55:00,36.67999999999999,30.3,62,2.2,400
2025-03-02 16:00:00,36.5,30.3,63,2.2,447
2025-03-03 10:00:00,38.14,28.2,76,1.8,442
2025-03-03 10:05:00,38.72,28.3,76,1.8,662
2025-03-03 10:10:00,38.92,28.6,75,1.8,500
2025-03-03 10:15:00,41.06,28.8,75,1.8,724
2025-03-03 10:20:00,40.54,29.1,75,1.8,770
2025-03-03 10:25:00,39.12,29.3,74,1.8,736
2025-03-03 10:30:00,40.46,29.4,72,2.2,769
2025-03-03 10:35:00,40.82000000000001,29.5,73,1.8,786
2025-03-03 10:40:00,39.98,29.7,71,2.2,801
2025-03-03 10:45:00,40.42,29.9,72,1.8,823
2025-03-03 10:50:00,41.46,30.1,70,2.2,829
2025-03-03 10:55:00,41.36,30.1,70,2.2,847
2025-03-03 11:00:00,42.18,30.2,70,2.7,863
2025-03-03 11:05:00,40.88,30.4,69,2.7,883
2025-03-03 11:10:00,40.46,30.4,68,3.1,890
2025-03-03 11:15:00,40.04,30.6,67,2.7,792
2025-03-03 11:20:00,40.760000000000005,30.6,67,2.7,785
2025-03-03 11:25:00,42.58,30.6,67,2.7,885
2025-03-03 11:30:00,41.8,30.9,66,2.2,901
2025-03-03 11:35:00,41.58,31.0,65,3.1,899
2025-03-03 11:40:00,42.1,31.2,64,2.2,870
2025-03-03 11:45:00,40.66,31.2,65,2.7,942
2025-03-03 11:50:00,41.0,31.1,64,2.7,857
2025-03-03 11:55:00,40.760000000000005,31.2,64,3.1,802
2025-03-03 12:00:00,41.58,31.1,65,3.1,841
2025-03-03 12:05:00,41.62,31.3,63,2.7,924
2025-03-03 12:10:00,39.8,31.3,62,2.7,826
2025-03-03 12:15:00,41.88,31.2,62,2.7,828
2025-03-03 12:20:00,41.5,31.3,62,2.7,958
2025-03-03 12:25:00,39.84,31.1,63,2.7,822
2025-03-03 12:30:00,39.7,31.2,62,2.7,741
2025-03-03 12:35:00,40.84,31.1,62,3.1,910
2025-03-03 12:40:00,40.28,31.2,63,2.7,905
2025-03-03 12:45:00,39.14,31.2,62,3.1,835
2025-03-03 12:50:00,39.92,30.9,63,2.7,791
2025-03-03 12:55:00,38.74,31.1,62,3.1,844
2025-03-03 13:00:00,38.3,30.7,63,3.6,741
2025-03-04 10:00:00,37.72,25.2,85,1.3,558
2025-03-04 10:05:00,38.42,25.4,85,1.8,675
2025-03-04 10:10:00,40.0,25.7,84,1.8,764
2025-03-04 10:15:00,40.4,25.8,84,1.3,798
2025-03-04 10:20:00,40.36,26.2,83,2.2,804
2025-03-04 10:25:00,39.8,26.5,81,2.2,800
2025-03-04 10:30:00,39.88,26.7,81,1.8,800
2025-03-04 10:35:00,37.38,26.9,81,1.3,755
2025-03-04 10:40:00,37.4,27.1,80,1.3,545
2025-03-04 10:45:00,37.3,27.1,79,1.8,624
2025-03-04 10:50:00,37.88,27.2,80,1.8,624
2025-03-04 10:55:00,36.48,27.4,79,2.7,701
2025-03-04 11:00:00,37.260000000000005,27.5,78,1.8,610
2025-03-04 11:05:00,39.32,27.6,77,2.2,723
2025-03-04 11:10:00,38.74,27.6,77,2.2,758
2025-03-04 11:15:00,40.96,27.6,77,2.2,809
2025-03-04 11:20:00,41.9,27.9,77,2.7,1027
2025-03-04 11:25:00,38.14,28.2,76,2.7,956
2025-03-04 11:30:00,37.24,27.9,76,2.2,862
2025-03-04 11:35:00,38.18,27.8,76,2.7,815
2025-03-04 11:40:00,39.48,27.8,76,2.2,965
2025-03-04 11:45:00,39.16,28.0,75,2.2,917
2025-03-04 11:50:00,40.18,28.1,76,1.8,845
2025-03-04 11:55:00,41.22,28.3,74,2.7,999
2025-03-04 12:00:00,41.220000000000006,28.4,75,2.2,1023
2025-03-04 12:05:00,39.34,28.6,74,2.7,1000
2025-03-04 12:10:00,39.82000000000001,28.5,73,3.1,965
2025-03-04 12:15:00,38.74,28.4,73,3.1,949
2025-03-04 12:20:00,39.52,28.2,73,3.1,930
2025-03-04 12:25:00,39.6,28.3,73,2.2,918
2025-03-04 12:30:00,38.66,28.7,73,2.7,903
2025-03-04 12:35:00,39.5,28.8,73,2.7,892
2025-03-04 12:40:00,39.260000000000005,28.9,72,2.2,898
2025-03-04 12:45:00,38.82000000000001,29.2,71,2.2,900
2025-03-04 12:50:00,39.16,29.2,71,3.1,894
2025-03-04 12:55:00,39.32,29.2,70,3.1,902
2025-03-04 13:00:00,40.2,29.3,70,2.7,903
2025-03-04 13:05:00,40.2,29.4,70,2.7,907
2025-03-04 13:10:00,39.72,29.6,70,2.7,908
2025-03-04 13:15:00,40.12,29.7,69,2.2,916
2025-03-04 13:20:00,41.220000000000006,29.7,69,3.1,926
2025-03-04 13:25:00,41.4,29.9,68,3.1,925
2025-03-04 13:30:00,41.2,30.1,68,2.7,929
2025-03-04 13:35:00,41.28,30.1,68,2.7,938
2025-03-04 13:40:00,40.04,30.3,67,2.7,899
2025-03-04 13:45:00,38.88,29.9,68,3.1,833
2025-03-04 13:50:00,39.2,29.8,69,2.7,753
2025-03-04 13:55:00,38.56,29.7,68,2.7,749
2025-03-04 14:00:00,39.72,29.3,69,3.1,708
2025-03-04 14:05:00,39.96,29.5,70,2.7,849
2025-03-04 14:10:00,36.66,29.8,70,2.2,789
2025-03-04 14:15:00,36.86,29.9,67,2.2,475
2025-03-04 14:20:00,40.04,29.3,69,2.7,723
2025-03-04 14:25:00,40.42,29.6,70,2.2,834
2025-03-04 14:30:00,39.64,29.6,69,2.7,717
2025-03-04 14:35:00,39.54,29.7,69,2.7,695
2025-03-04 14:40:00,41.54,29.8,69,2.7,732
2025-03-04 14:45:00,41.34,29.9,70,2.7,837
2025-03-04 14:50:00,39.72,29.9,68,2.7,786
2025-03-04 14:55:00,40.84,29.9,69,2.2,752
2025-03-04 15:00:00,41.1,29.8,69,2.7,846
2025-03-04 15:05:00,38.44,29.8,68,3.1,730
2025-03-04 15:10:00,38.06,29.2,70,2.7,591
2025-03-04 15:15:00,37.66,28.8,70,2.7,495
2025-03-04 15:20:00,37.22,28.7,71,2.7,556
2025-03-04 15:25:00,36.08,28.7,70,2.7,516
2025-03-04 15:30:00,35.12,28.7,71,2.2,435
2025-03-04 15:35:00,34.38,28.5,71,2.7,379
2025-03-04 15:40:00,33.4,28.3,72,2.7,347
2025-03-04 15:45:00,32.480000000000004,28.2,72,2.7,307
2025-03-04 15:50:00,31.68,27.9,72,2.2,281
2025-03-04 15:55:00,31.12,27.7,74,2.2,264
2025-03-04 16:00:00,31.2,27.5,74,2.2,247
2025-03-05 10:00:00,37.88,24.6,87,1.3,625
2025-03-05 10:05:00,37.32,24.9,87,1.3,678
2025-03-05 10:10:00,38.4,25.2,85,1.8,735
2025-03-05 10:15:00,38.14,25.4,84,1.8,753
2025-03-05 10:20:00,38.12,25.6,84,1.8,759
2025-03-05 10:25:00,39.08,25.7,83,1.8,797
2025-03-05 10:30:00,38.86,26.1,82,1.8,793
2025-03-05 10:35:00,39.14,26.3,82,1.3,795
2025-03-05 10:40:00,38.6,26.5,81,1.8,810
2025-03-05 10:45:00,37.9,26.5,81,2.2,821
2025-03-05 10:50:00,38.56,26.6,80,1.8,824
2025-03-05 10:55:00,38.02,26.6,79,2.2,826
2025-03-05 11:00:00,38.9,26.9,79,2.2,839
2025-03-05 11:05:00,38.260000000000005,27.2,78,1.8,844
2025-03-05 11:10:00,38.3,27.5,76,2.2,839
2025-03-05 11:15:00,38.0,27.5,76,2.7,847
2025-03-05 11:20:00,38.14,27.6,76,2.2,857
2025-03-05 11:25:00,37.8,27.7,76,2.2,861
2025-03-05 11:30:00,37.88,27.7,75,2.2,868
2025-03-05 11:35:00,39.22,27.8,74,2.7,878
2025-03-05 11:40:00,38.2,27.9,74,2.2,879
2025-03-05 11:45:00,37.56,28.1,74,2.2,879
2025-03-05 11:50:00,36.760000000000005,27.9,73,2.7,865
2025-03-05 11:55:00,37.82,27.3,74,3.1,882
2025-03-05 12:00:00,38.12,27.2,76,2.7,896
2025-03-05 12:05:00,38.18,27.4,75,3.1,901
2025-03-05 12:10:00,38.5,27.7,76,2.7,898
2025-03-05 12:15:00,38.6,27.8,73,2.7,921
2025-03-05 12:20:00,38.22,28.1,73,2.7,933
2025-03-05 12:25:00,37.82,28.1,72,2.7,923
2025-03-05 12:30:00,35.779999999999994,28.0,72,2.7,848
2025-03-05 12:35:00,35.64,28.0,72,2.7,684
2025-03-05 12:40:00,37.64,27.9,72,2.7,757
2025-03-05 12:45:00,38.08,27.8,74,2.7,855
2025-03-05 12:50:00,39.06,28.2,71,2.7,938
2025-03-05 12:55:00,39.62,28.2,71,2.7,992
2025-03-05 13:00:00,39.12,28.4,70,2.2,932
2025-03-05 13:05:00,40.260000000000005,28.4,69,2.7,956
2025-03-05 13:10:00,38.9,28.5,70,2.7,859
2025-03-05 13:15:00,38.6,28.6,69,2.7,928
2025-03-05 13:20:00,38.56,28.7,69,2.7,820
2025-03-05 13:25:00,39.2,28.5,68,3.1,914
2025-03-05 13:30:00,39.32,28.5,70,2.2,950
2025-03-05 13:35:00,41.9,28.9,70,2.7,972
2025-03-05 13:40:00,39.06,29.2,67,2.7,985
2025-03-05 13:45:00,38.7,29.2,68,2.7,953
2025-03-05 13:50:00,38.42,29.2,68,2.7,837
2025-03-05 13:55:00,39.52,29.1,67,2.7,830
2025-03-05 14:00:00,40.06,29.0,69,2.7,897
2025-03-05 14:05:00,40.3,29.0,67,2.7,899
2025-03-05 14:10:00,37.5,28.8,67,2.2,686
2025-03-05 14:15:00,39.28,28.5,68,2.7,688
2025-03-05 14:20:00,36.9,28.7,68,2.2,927
2025-03-05 14:25:00,34.8,28.6,67,2.7,507
2025-03-05 14:30:00,36.38,28.2,68,2.7,456
2025-03-05 14:35:00,37.24,28.1,69,2.2,551
2025-03-05 14:40:00,38.68,28.2,69,2.7,671
2025-03-05 14:45:00,39.260000000000005,28.5,69,2.7,719
2025-03-05 14:50:00,37.44,28.8,69,2.7,677
2025-03-05 14:55:00,34.92,28.6,70,2.7,517
2025-03-05 15:00:00,33.42,28.0,72,2.7,389
2025-03-05 15:05:00,33.6,27.5,73,3.1,378
2025-03-05 15:10:00,33.92,27.1,74,3.1,408
2025-03-05 15:15:00,32.72,27.0,74,3.1,399
2025-03-05 15:20:00,32.160000000000004,26.9,73,2.7,346
2025-03-05 15:25:00,31.04,26.8,74,2.2,288
2025-03-05 15:30:00,30.14,26.4,74,3.6,242
2025-03-05 15:35:00,29.32,26.3,75,2.2,213
2025-03-05 15:40:00,29.34,26.2,76,2.7,193
2025-03-05 15:45:00,28.78,26.1,76,2.7,177
2025-03-05 15:50:00,28.78,26.1,77,2.2,161
2025-03-05 15:55:00,28.34,25.9,76,2.2,152
2025-03-05 16:00:00,28.2,25.7,77,2.2,142
2025-03-06 10:00:00,38.82,26.9,79,1.3,517
2025-03-06 10:05:00,39.54,27.1,79,1.3,631
2025-03-06 10:10:00,40.54,27.2,78,1.8,638
2025-03-06 10:15:00,39.74,27.4,78,1.3,763
2025-03-06 10:20:00,38.56,27.6,78,2.2,620
2025-03-06 10:25:00,37.04,27.7,78,1.8,562
2025-03-06 10:30:00,36.46,27.8,77,1.8,481
2025-03-06 10:35:00,36.2,27.7,76,1.8,454
2025-03-06 10:40:00,36.2,27.6,77,1.8,468
2025-03-06 10:45:00,36.36,27.6,77,1.8,472
2025-03-06 10:50:00,35.72,27.8,76,1.8,484
2025-03-06 10:55:00,37.4,27.8,75,2.2,517
2025-03-06 11:00:00,40.3,27.9,74,1.8,617
2025-03-06 11:05:00,39.08,28.1,74,2.2,990
2025-03-06 11:10:00,37.08,28.4,72,2.7,565
2025-03-06 11:15:00,37.68,28.4,71,2.7,474
2025-03-06 11:20:00,35.88,28.6,71,2.2,550
2025-03-06 11:25:00,36.12,28.6,71,1.8,413
2025-03-06 11:30:00,36.760000000000005,28.4,71,2.7,550
2025-03-06 11:35:00,35.18,28.4,72,2.7,506
2025-03-06 11:40:00,35.14,28.3,72,2.7,495
2025-03-06 11:45:00,38.5,28.2,72,2.7,626
2025-03-06 11:50:00,39.42,28.2,73,3.1,943
2025-03-06 11:55:00,39.12,28.6,71,2.2,930
2025-03-06 12:00:00,38.5,28.9,70,3.1,859
2025-03-06 12:05:00,36.24,28.9,69,3.1,867
2025-03-06 12:10:00,38.34,28.7,69,3.1,693
2025-03-06 12:15:00,39.22,28.8,71,2.7,854
2025-03-06 12:20:00,38.52,29.1,69,2.7,905
2025-03-06 12:25:00,40.24,29.2,69,3.1,979
2025-03-06 12:30:00,39.8,29.6,68,3.1,993
2025-03-06 12:35:00,38.1,29.7,67,2.7,844
2025-03-06 12:40:00,38.44,29.6,67,2.7,801
2025-03-06 12:45:00,39.16,29.5,67,2.7,823
2025-03-06 12:50:00,40.4,29.8,67,2.2,834
2025-03-06 12:55:00,40.04,30.1,66,2.7,952
2025-03-06 13:00:00,39.08,30.1,65,3.1,915
2025-03-06 13:05:00,38.84,29.7,65,3.6,796
2025-03-06 13:10:00,40.16,29.5,68,2.7,844
2025-03-06 13:15:00,39.8,29.6,66,3.1,894
2025-03-06 13:20:00,40.34,29.6,67,3.1,880
2025-03-06 13:25:00,39.58,29.9,66,3.1,891
2025-03-06 13:30:00,40.4,30.1,65,2.7,902
2025-03-06 13:35:00,40.760000000000005,30.2,64,3.1,911
2025-03-06 13:40:00,41.62,30.0,64,3.1,922
2025-03-06 13:45:00,41.34,30.4,64,2.7,919
2025-03-06 13:50:00,41.84,30.9,62,2.7,895
2025-03-06 13:55:00,42.84,30.8,62,3.6,893
2025-03-06 14:00:00,41.14,30.9,62,3.1,852
2025-03-06 14:05:00,37.66,30.5,61,3.6,754
2025-03-06 14:10:00,35.82,29.7,64,3.6,530
2025-03-06 14:15:00,35.88,29.2,65,3.6,452
2025-03-06 14:20:00,37.68,29.1,66,2.7,493
2025-03-06 14:25:00,40.06,29.3,67,2.2,666
2025-03-06 14:30:00,40.3,29.7,65,2.7,728
2025-03-06 14:35:00,40.22,29.6,66,2.7,814
2025-03-06 14:40:00,41.2,29.9,65,3.1,773
2025-03-06 14:45:00,39.96,30.1,64,2.2,703
2025-03-06 14:50:00,41.74,30.1,65,2.7,649
2025-03-06 14:55:00,41.92,30.4,64,2.7,794
2025-03-06 15:00:00,42.8,30.7,63,2.7,837
2025-03-06 15:05:00,41.3,30.8,63,3.1,855
2025-03-06 15:10:00,38.88,30.7,63,2.7,628
2025-03-06 15:15:00,38.78,30.3,63,3.1,605
2025-03-06 15:20:00,37.42,29.9,64,2.7,497
2025-03-06 15:25:00,36.98,29.8,65,2.7,529
2025-03-06 15:30:00,34.540000000000006,29.5,65,3.1,454
2025-03-06 15:35:00,33.239999999999995,28.8,66,2.7,333
2025-03-06 15:40:00,32.64,28.3,68,2.7,286
2025-03-06 15:45:00,32.08,28.1,69,2.7,254
2025-03-06 15:50:00,31.4,27.8,69,2.7,233
2025-03-06 15:55:00,30.76,27.3,70,3.1,224
2025-03-06 16:00:00,30.6,26.9,71,3.6,222
2025-03-07 10:00:00,39.06,28.5,73,1.8,642
2025-03-07 10:05:00,39.4,28.6,72,1.8,634
2025-03-07 10:10:00,40.22,28.6,72,1.8,645
2025-03-07 10:15:00,38.92,28.8,72,2.2,656
2025-03-07 10:20:00,37.66,29.1,71,2.2,627
2025-03-07 10:25:00,36.88,29.1,70,2.7,609
2025-03-07 10:30:00,37.7,28.8,71,2.7,681
2025-03-07 10:35:00,37.92,28.7,71,3.1,738
2025-03-07 10:40:00,38.5,28.7,72,2.2,767
2025-03-07 10:45:00,39.08,28.8,72,2.2,737
2025-03-07 10:50:00,39.42,28.9,72,2.2,796
2025-03-07 10:55:00,39.84,28.9,72,2.2,808
2025-03-07 11:00:00,38.84,29.0,72,2.2,786
2025-03-07 11:05:00,39.38,29.1,71,2.7,785
2025-03-07 11:10:00,39.1,29.2,71,2.7,782
2025-03-07 11:15:00,38.7,29.3,71,2.7,819
2025-03-07 11:20:00,38.4,29.1,71,2.7,808
2025-03-07 11:25:00,39.34,28.9,71,2.7,805
2025-03-07 11:30:00,38.96,28.9,72,3.1,835
2025-03-07 11:35:00,37.88,28.8,71,2.7,839
2025-03-07 11:40:00,38.2,28.8,72,2.7,864
2025-03-07 11:45:00,37.62,28.8,71,3.1,854
2025-03-07 11:50:00,38.18,28.9,70,2.7,844
2025-03-07 11:55:00,37.82,28.9,70,2.7,870
2025-03-07 12:00:00,37.74,28.9,70,3.1,869
2025-03-07 12:05:00,37.78,28.8,71,3.1,867
2025-03-07 12:10:00,38.260000000000005,28.9,71,3.6,870
2025-03-07 12:15:00,37.62,29.1,71,3.1,876
2025-03-07 12:20:00,37.54,29.2,69,3.1,859
2025-03-07 12:25:00,38.46,28.9,71,2.7,853
2025-03-07 12:30:00,37.86,28.9,70,2.7,847
2025-03-07 12:35:00,38.86,29.1,70,2.2,859
2025-03-07 12:40:00,39.720000000000006,29.3,70,2.7,871
2025-03-07 12:45:00,39.66,29.6,69,2.7,870
2025-03-07 12:50:00,39.42,29.7,69,2.7,875
2025-03-07 12:55:00,38.82,29.7,68,2.7,860
2025-03-07 13:00:00,38.98,29.6,68,2.7,876
2025-03-07 13:05:00,39.64,29.6,69,3.1,864
2025-03-07 13:10:00,38.7,29.7,68,2.7,857
2025-03-07 13:15:00,38.62,29.8,68,2.7,843
2025-03-07 13:20:00,38.92,29.8,67,3.1,842
2025-03-07 13:25:00,39.1,29.7,67,2.7,846
2025-03-07 13:30:00,39.62,29.9,67,2.7,846
2025-03-07 13:35:00,39.22,29.9,67,3.1,845
2025-03-07 13:40:00,38.66,29.8,66,3.1,847
2025-03-07 13:45:00,39.04,29.7,67,2.7,834
2025-03-07 13:50:00,39.44,29.8,66,3.1,846
2025-03-07 13:55:00,38.62,29.6,67,3.6,829
2025-03-07 14:00:00,39.2,29.6,68,3.6,807
2025-03-07 14:05:00,38.2,29.7,68,3.1,793
2025-03-07 14:10:00,38.52,29.6,67,2.7,753
2025-03-07 14:15:00,39.62,29.6,68,2.7,787
2025-03-07 14:20:00,38.64,29.8,68,2.7,809
2025-03-07 14:25:00,38.64,29.5,68,3.1,779
2025-03-07 14:30:00,37.3,29.3,67,3.6,721
2025-03-07 14:35:00,38.34,29.0,69,2.7,642
2025-03-07 14:40:00,39.78,29.1,69,3.6,699
2025-03-07 14:45:00,40.42,29.1,69,3.1,780
2025-03-07 14:50:00,36.48,29.2,68,2.7,690
2025-03-07 14:55:00,35.28,28.9,69,2.7,510
2025-03-07 15:00:00,34.68,28.6,69,2.7,510
2025-03-07 15:05:00,32.0,28.0,70,3.1,371
2025-03-07 15:10:00,31.32,27.6,72,2.7,273
2025-03-07 15:15:00,30.24,27.2,72,1.8,225
2025-03-07 15:20:00,29.96,26.9,73,2.2,209
2025-03-07 15:25:00,29.18,26.7,74,2.2,206
2025-03-07 15:30:00,29.04,26.3,75,2.7,202
2025-03-07 15:35:00,29.2,26.1,76,2.2,197
2025-03-07 15:40:00,29.0,26.1,76,2.2,188
2025-03-07 15:45:00,28.54,25.9,77,1.8,185
2025-03-07 15:50:00,28.160000000000004,25.9,77,2.2,185
2025-03-07 15:55:00,28.42,25.7,77,1.8,185
2025-03-07 16:00:00,28.8,25.7,78,1.8,186
2025-03-08 10:00:00,30.78,25.2,85,1.3,336
2025-03-08 10:05:00,30.1,25.1,85,1.8,331
2025-03-08 10:10:00,30.82,25.0,86,1.3,330
2025-03-08 10:15:00,33.3,24.9,86,1.3,385
2025-03-08 10:20:00,36.62,25.1,87,1.3,566
2025-03-08 10:25:00,37.38,25.4,86,1.8,638
2025-03-08 10:30:00,36.260000000000005,25.7,85,1.3,579
2025-03-08 10:35:00,35.88,25.8,84,0.9,535
2025-03-08 10:40:00,34.44,25.9,83,1.3,483
2025-03-08 10:45:00,34.34,26.1,83,1.3,440
2025-03-08 10:50:00,34.5,26.2,82,1.3,413
2025-03-08 10:55:00,34.480000000000004,26.3,81,2.2,438
2025-03-08 11:00:00,34.32,26.4,81,1.3,418
2025-03-08 11:05:00,34.86,26.6,80,1.8,443
2025-03-08 11:10:00,34.72,26.6,80,2.2,521
2025-03-08 11:15:00,36.38,26.5,80,1.8,514
2025-03-08 11:20:00,36.38,26.7,80,1.8,526
2025-03-08 11:25:00,36.3,26.8,80,1.3,501
2025-03-08 11:30:00,36.16,26.8,79,1.8,497
2025-03-08 11:35:00,38.32,26.8,79,1.8,602
2025-03-08 11:40:00,39.96,27.1,79,1.3,799
2025-03-08 11:45:00,41.08,27.6,77,1.8,848
2025-03-08 11:50:00,40.18,27.9,75,2.2,771
2025-03-08 11:55:00,41.1,28.1,75,2.2,783
2025-03-08 12:00:00,41.04,28.2,74,2.7,862
2025-03-08 12:05:00,40.1,28.4,74,2.2,799
2025-03-08 12:10:00,40.260000000000005,28.6,72,2.7,722
2025-03-08 12:15:00,40.1,28.7,73,1.8,748
2025-03-08 12:20:00,39.28,28.9,71,2.2,649
2025-03-08 12:25:00,38.12,28.8,72,1.8,580
2025-03-08 12:30:00,38.4,28.7,71,2.2,550
2025-03-08 12:35:00,38.52,28.7,72,1.8,629
2025-03-08 12:40:00,39.88,28.7,71,2.2,684
2025-03-08 12:45:00,38.12,28.8,72,2.2,669
2025-03-08 12:50:00,38.08,28.6,71,2.2,698
2025-03-08 12:55:00,37.86,28.6,71,2.2,694
2025-03-08 13:00:00,37.96,28.2,73,2.7,662
2025-03-08 13:05:00,38.74,28.3,73,2.2,688
2025-03-08 13:10:00,39.42,28.5,73,2.2,720
2025-03-08 13:15:00,39.6,28.7,72,2.2,781
2025-03-08 13:20:00,39.66,28.9,71,2.7,737
2025-03-08 13:25:00,38.64,29.1,69,2.7,767
2025-03-08 13:30:00,38.56,29.1,70,2.7,798
2025-03-08 13:35:00,39.32,28.9,70,3.1,749
2025-03-08 13:40:00,38.44,28.9,70,3.1,706
2025-03-08 13:45:00,36.56,28.9,70,3.1,752
2025-03-08 13:50:00,37.5,28.7,70,3.1,681
2025-03-08 13:55:00,36.86,28.6,69,2.2,694
2025-03-08 14:00:00,37.08,28.6,70,2.7,637
2025-03-08 14:05:00,37.78,28.6,70,2.2,596
2025-03-08 14:10:00,40.34,28.4,70,2.2,675
2025-03-08 14:15:00,41.4,28.7,69,3.1,886
2025-03-08 14:20:00,40.52,29.1,68,2.2,875
2025-03-08 14:25:00,40.84,29.2,68,2.2,813
2025-03-08 14:30:00,38.28,29.2,66,3.1,685
2025-03-08 14:35:00,36.38,28.9,68,2.2,528
2025-03-08 14:40:00,35.04,28.8,67,2.2,434
2025-03-08 14:45:00,34.84,28.7,68,2.2,378
2025-03-08 14:50:00,34.760000000000005,28.6,67,1.8,359
2025-03-08 14:55:00,33.06,28.5,68,2.2,342
2025-03-08 15:00:00,32.46,28.3,68,2.2,309
2025-03-08 15:05:00,32.96,27.9,69,2.2,278
2025-03-08 15:10:00,32.1,27.7,70,1.8,264
2025-03-08 15:15:00,32.160000000000004,27.6,70,1.8,257
2025-03-08 15:20:00,32.14,27.5,71,1.8,261
2025-03-08 15:25:00,32.660000000000004,27.4,71,1.8,268
2025-03-08 15:30:00,32.82,27.3,71,1.8,273
2025-03-08 15:35:00,31.92,27.4,71,1.8,277
2025-03-08 15:40:00,32.04,27.2,71,2.2,271
2025-03-08 15:45:00,31.3,27.2,72,1.8,247
2025-03-08 15:50:00,31.46,27.2,71,1.3,229
2025-03-08 15:55:00,31.3,27.2,71,1.3,219
2025-03-08 16:00:00,30.7,27.1,71,1.8,208
2025-03-09 10:00:00,43.260000000000005,29.4,71,1.8,742
2025-03-09 10:05:00,43.64,29.7,71,1.3,772
2025-03-09 10:10:00,42.260000000000005,29.9,69,1.8,729
2025-03-09 10:15:00,41.08,30.1,69,1.8,654
2025-03-09 10:20:00,38.46,30.1,69,1.8,561
2025-03-09 10:25:00,40.74,30.2,69,1.3,482
2025-03-09 10:30:00,40.88,30.5,68,2.7,760
2025-03-09 10:35:00,42.02,30.6,68,1.8,807
2025-03-09 10:40:00,42.2,30.6,67,2.7,834
2025-03-09 10:45:00,40.8,30.7,67,2.2,842
2025-03-09 10:50:00,40.48,30.8,67,2.2,764
2025-03-09 10:55:00,40.18,30.8,68,2.2,794
2025-03-09 11:00:00,40.06,30.7,67,3.1,709
2025-03-09 11:05:00,40.62,30.6,67,2.2,817
2025-03-09 11:10:00,41.52,30.7,68,2.2,904
2025-03-09 11:15:00,41.74,30.9,66,2.7,908
2025-03-09 11:20:00,41.260000000000005,30.9,66,2.7,883
2025-03-09 11:25:00,42.32,31.1,66,2.2,867
2025-03-09 11:30:00,42.32000000000001,31.2,65,3.1,885
2025-03-09 11:35:00,41.940000000000005,31.3,64,2.2,882
2025-03-09 11:40:00,40.6,31.3,64,3.1,867
2025-03-09 11:45:00,39.9,31.2,64,2.7,869
2025-03-09 11:50:00,40.2,31.1,65,2.7,865
2025-03-09 11:55:00,40.74,31.0,65,2.7,856
2025-03-09 12:00:00,40.66,31.1,65,2.2,848
2025-03-09 12:05:00,40.24,31.1,64,2.7,833
2025-03-09 12:10:00,39.88,30.9,64,2.7,834
2025-03-09 12:15:00,41.02,30.9,64,2.2,845
2025-03-09 12:20:00,41.08,31.1,64,2.2,832
2025-03-09 12:25:00,40.86,31.3,64,2.7,844
2025-03-09 12:30:00,41.94,31.6,63,2.2,833
2025-03-09 12:35:00,41.5,31.6,62,2.7,813
2025-03-09 12:40:00,40.74,31.4,63,2.7,796
2025-03-09 12:45:00,39.64,31.4,63,2.7,780
2025-03-09 12:50:00,40.3,31.2,64,2.7,778
2025-03-09 12:55:00,40.74,31.3,64,2.7,806
2025-03-09 13:00:00,40.54,31.4,64,2.7,833
2025-03-09 13:05:00,39.9,31.4,63,3.1,810
2025-03-09 13:10:00,37.44,31.2,64,2.7,773
2025-03-09 13:15:00,38.92,30.7,65,3.1,624
2025-03-09 13:20:00,40.64,30.6,65,3.1,759
2025-03-09 13:25:00,40.88,30.8,65,2.7,826
2025-03-09 13:30:00,40.14,30.8,65,2.7,874
2025-03-09 13:35:00,40.02,30.9,65,2.7,865
2025-03-09 13:40:00,41.72,30.8,65,2.7,852
2025-03-09 13:45:00,40.66,31.1,64,2.2,784
2025-03-09 13:50:00,39.14,31.0,64,2.7,754
2025-03-09 13:55:00,40.28,30.6,65,2.7,734
2025-03-09 14:00:00,40.34,30.7,65,2.7,769
2025-03-09 14:05:00,42.12,30.8,64,2.7,792
2025-03-09 14:10:00,42.0,31.0,64,2.7,800
2025-03-09 14:15:00,42.04,31.1,63,2.2,843
2025-03-09 14:20:00,39.52,31.1,64,2.2,835
2025-03-09 14:25:00,38.64,31.2,63,2.2,436
2025-03-09 14:30:00,37.72,31.0,63,2.7,438
2025-03-09 14:35:00,36.86,30.7,65,2.2,413
2025-03-09 14:40:00,36.18,30.5,65,2.2,404
2025-03-09 14:45:00,36.3,30.3,66,2.7,392
2025-03-09 14:50:00,35.36,30.1,67,2.2,371
2025-03-09 14:55:00,35.46,29.9,67,2.2,369
2025-03-09 15:00:00,35.44,29.6,68,2.2,354
2025-03-09 15:05:00,35.660000000000004,29.4,69,1.8,337
2025-03-09 15:10:00,35.56,29.4,69,2.2,329
2025-03-09 15:15:00,35.0,29.5,69,1.8,330
2025-03-09 15:20:00,35.260000000000005,29.4,68,2.2,328
2025-03-09 15:25:00,33.84,29.3,68,2.7,313
2025-03-09 15:30:00,33.04,29.1,68,2.2,296
2025-03-09 15:35:00,33.4,28.9,68,1.8,292
2025-03-09 15:40:00,33.54,28.8,68,2.2,284
2025-03-09 15:45:00,33.54,28.6,69,2.2,268
2025-03-09 15:50:00,33.34,28.6,69,1.8,262
2025-03-09 15:55:00,32.86,28.6,68,1.3,251
2025-03-09 16:00:00,32.8,28.5,68,1.3,236
2025-03-10 10:00:00,43.36,29.0,71,1.3,704
2025-03-10 10:05:00,41.760000000000005,29.3,71,1.3,709
2025-03-10 10:10:00,41.96,29.6,70,1.3,715
2025-03-10 10:15:00,42.94,29.9,69,1.3,740
2025-03-10 10:20:00,41.98,30.0,68,1.8,752
2025-03-10 10:25:00,41.7,29.9,68,1.8,759
2025-03-10 10:30:00,42.74,30.0,68,1.8,759
2025-03-10 10:35:00,42.0,30.2,67,1.8,754
2025-03-10 10:40:00,42.06,30.3,68,1.8,770
2025-03-10 10:45:00,42.46,30.6,67,1.8,760
2025-03-10 10:50:00,41.3,30.7,65,2.2,789
2025-03-10 10:55:00,38.46,30.6,65,1.8,677
2025-03-10 11:00:00,39.16,30.6,64,1.8,588
2025-03-10 11:05:00,39.7,30.7,64,2.2,703
2025-03-10 11:10:00,41.46,30.7,65,2.2,816
2025-03-10 11:15:00,40.540000000000006,31.0,64,2.2,836
2025-03-10 11:20:00,40.7,31.1,63,2.7,705
2025-03-10 11:25:00,40.38,31.0,64,2.7,774
2025-03-10 11:30:00,41.0,31.1,63,2.2,787
2025-03-10 11:35:00,41.12,31.2,61,2.2,754
2025-03-10 11:40:00,41.6,31.3,62,2.7,852
2025-03-10 11:45:00,43.5,31.6,62,2.7,917
2025-03-10 11:50:00,42.22,31.8,60,2.7,933
2025-03-10 11:55:00,41.08,32.0,59,3.1,932
2025-03-10 12:00:00,39.18,31.6,61,3.6,866
2025-03-10 12:05:00,39.34,31.1,63,3.6,748
2025-03-10 12:10:00,39.38,30.7,63,3.6,896
2025-03-10 12:15:00,39.22,30.6,64,4.0,915
2025-03-10 12:20:00,39.42,30.3,65,3.6,922
2025-03-10 12:25:00,40.38,30.7,65,3.1,930
2025-03-10 12:30:00,41.18,30.7,64,3.6,941
2025-03-10 12:35:00,40.38,30.9,64,3.1,930
2025-03-10 12:40:00,39.44,30.7,64,3.6,901
2025-03-10 12:45:00,40.1,30.6,64,3.6,879
2025-03-10 12:50:00,39.46,30.6,64,3.6,828
2025-03-10 12:55:00,38.48,30.7,64,3.1,788
2025-03-10 13:00:00,39.14,30.7,63,3.6,749
2025-03-10 13:05:00,38.42,30.7,64,3.1,723
2025-03-10 13:10:00,37.58,30.6,63,3.1,599
2025-03-10 13:15:00,36.74,30.4,64,3.6,658
2025-03-10 13:20:00,35.06,30.1,65,3.1,446
2025-03-10 13:25:00,34.5,29.8,65,3.1,346
2025-03-10 13:30:00,34.5,29.4,66,3.1,466
2025-03-10 13:35:00,36.36,29.1,67,3.1,447
2025-03-10 13:40:00,37.220000000000006,29.1,67,2.7,643
2025-03-10 13:45:00,38.3,29.2,68,2.7,653
2025-03-10 13:50:00,41.0,29.6,67,2.2,814
2025-03-10 13:55:00,41.24,30.1,66,2.7,865
2025-03-10 14:00:00,42.52,30.0,66,3.6,913
2025-03-10 14:05:00,42.78,30.1,67,3.1,958
2025-03-10 14:10:00,41.62,30.4,65,3.1,939
2025-03-10 14:15:00,40.84,30.6,63,3.1,863
2025-03-10 14:20:00,39.62,30.2,64,3.6,740
2025-03-10 14:25:00,38.02,29.9,65,3.6,628
2025-03-10 14:30:00,39.28,29.6,66,3.6,623
2025-03-10 14:35:00,38.7,29.7,66,3.1,673
2025-03-10 14:40:00,39.02,29.8,65,3.1,631
2025-03-10 14:45:00,37.06,29.7,67,3.1,552
2025-03-10 14:50:00,36.68,29.4,67,3.6,539
2025-03-10 14:55:00,34.040000000000006,29.2,68,3.1,430
2025-03-10 15:00:00,32.38,28.9,68,3.1,302
2025-03-10 15:05:00,31.860000000000003,28.4,69,2.2,280
2025-03-10 15:10:00,32.0,28.1,70,2.7,287
2025-03-10 15:15:00,31.84,27.7,71,2.7,309
2025-03-10 15:20:00,31.76,27.4,72,2.2,295
2025-03-10 15:25:00,31.6,27.3,73,1.8,314
2025-03-10 15:30:00,32.3,27.2,74,1.8,343
2025-03-11 10:00:00,38.24,25.4,83,1.8,660
2025-03-11 10:05:00,38.6,25.6,83,1.8,678
2025-03-11 10:10:00,38.02,26.1,83,1.3,692
2025-03-11 10:15:00,38.040000000000006,26.3,81,1.8,705
2025-03-11 10:20:00,38.4,26.3,81,1.8,716
2025-03-11 10:25:00,37.8,26.3,81,1.8,723
2025-03-11 10:30:00,39.08,26.5,81,1.8,737
2025-03-11 10:35:00,38.68,26.8,80,2.2,746
2025-03-11 10:40:00,38.54,27.2,79,1.3,753
2025-03-11 10:45:00,38.34,27.4,78,2.2,760
2025-03-11 10:50:00,38.4,27.5,77,1.8,767
2025-03-11 10:55:00,38.8,27.6,77,1.8,779
2025-03-11 11:00:00,38.14,27.5,76,2.2,787
2025-03-11 11:05:00,38.98,27.6,77,1.8,799
2025-03-11 11:10:00,38.18,27.6,76,2.2,808
2025-03-11 11:15:00,39.08,27.8,76,1.8,816
2025-03-11 11:20:00,38.34,27.9,76,2.2,824
2025-03-11 11:25:00,39.46,28.2,76,2.2,834
2025-03-11 11:30:00,40.12,28.3,75,2.7,841
2025-03-11 11:35:00,38.760000000000005,28.4,74,2.2,836
2025-03-11 11:40:00,39.56,28.4,74,2.2,847
2025-03-11 11:45:00,39.8,28.4,73,2.7,847
2025-03-11 11:50:00,40.5,28.8,74,2.2,848
2025-03-11 11:55:00,40.06,28.9,73,2.7,853
2025-03-11 12:00:00,39.7,28.9,72,3.1,850
2025-03-11 12:05:00,38.540000000000006,29.1,72,2.2,853
2025-03-11 12:10:00,38.4,29.1,72,2.7,856
2025-03-11 12:15:00,40.32,29.3,71,3.1,855
2025-03-11 12:20:00,40.18,29.4,70,2.7,859
2025-03-11 12:25:00,39.62,29.6,70,3.1,861
2025-03-11 12:30:00,38.58,29.7,70,3.1,860
2025-03-11 12:35:00,38.82,29.7,69,2.7,858
2025-03-11 12:40:00,39.52,29.7,69,3.1,852
2025-03-11 12:45:00,39.7,29.6,68,4.5,853
2025-03-11 12:50:00,38.84,29.3,68,3.6,855
2025-03-11 12:55:00,40.66,29.2,69,3.6,856
2025-03-11 13:00:00,40.42,29.6,69,2.7,851
2025-03-11 13:05:00,39.72,29.6,69,3.6,851
2025-03-11 13:10:00,39.62,29.5,68,3.1,845
2025-03-11 13:15:00,40.84,29.4,69,4.0,839
2025-03-11 13:20:00,39.78,29.6,67,3.6,833
2025-03-11 13:25:00,38.44,29.4,68,4.0,832
2025-03-11 13:30:00,39.18,29.2,68,4.0,829
2025-03-11 13:35:00,38.52,29.3,68,4.0,817
2025-03-11 13:40:00,39.48,29.1,69,3.6,810
2025-03-11 13:45:00,40.8,29.4,68,3.1,807
2025-03-11 13:50:00,40.54,29.8,67,2.2,798
2025-03-11 13:55:00,40.46,30.2,66,2.2,791
2025-03-11 14:00:00,40.38,30.3,66,2.2,780
2025-03-11 14:05:00,39.84,30.2,64,2.7,776
2025-03-11 14:10:00,41.08,30.2,65,2.2,766
2025-03-11 14:15:00,41.42,30.3,64,2.2,754
2025-03-11 14:20:00,41.08,30.7,63,2.7,742
2025-03-11 14:25:00,40.4,30.9,63,2.7,733
2025-03-11 14:30:00,38.68,31.1,62,2.7,720
2025-03-11 14:35:00,38.36,30.7,63,3.1,709
2025-03-11 14:40:00,37.86,30.4,65,3.1,691
2025-03-11 14:45:00,37.98,30.1,65,3.1,685
2025-03-11 14:50:00,39.44,30.0,66,2.7,674
2025-03-11 14:55:00,40.14,30.1,66,2.2,656
2025-03-11 15:00:00,39.48,30.2,66,2.7,643
2025-03-11 15:05:00,40.32,30.0,66,3.1,633
2025-03-11 15:10:00,40.68,30.1,66,2.2,620
2025-03-11 15:15:00,39.22,30.3,66,2.7,606
2025-03-11 15:20:00,39.36,30.2,65,2.2,589
2025-03-11 15:25:00,40.7,30.1,65,2.2,572
2025-03-11 15:30:00,40.0,30.2,65,1.8,557
2025-03-11 15:35:00,39.62,30.2,64,2.2,541
2025-03-11 15:40:00,39.48,29.9,65,2.2,526
2025-03-11 15:45:00,37.88,29.8,66,2.2,513
2025-03-11 15:50:00,38.9,29.3,67,3.1,490
2025-03-11 15:55:00,38.7,29.3,67,2.2,470
2025-03-11 16:00:00,38.3,29.1,68,2.2,453
2025-03-12 10:00:00,34.760000000000005,24.2,85,1.8,484
2025-03-12 10:05:00,35.86,24.4,86,2.2,586
2025-03-12 10:10:00,37.260000000000005,24.8,85,2.2,665
2025-03-12 10:15:00,36.46,24.9,84,2.2,713
2025-03-12 10:20:00,38.22,25.2,83,2.2,748
2025-03-12 10:25:00,38.08,25.3,83,1.8,743
2025-03-12 10:30:00,35.84,25.6,81,1.8,709
2025-03-12 10:35:00,38.2,25.8,81,2.2,750
2025-03-12 10:40:00,38.42,25.9,80,2.2,821
2025-03-12 10:45:00,36.42,26.2,80,1.8,693
2025-03-12 10:50:00,37.78,26.1,79,2.2,714
2025-03-12 10:55:00,38.52,25.9,80,3.1,806
2025-03-12 11:00:00,37.34,26.1,80,2.2,826
2025-03-12 11:05:00,36.32,26.1,79,3.1,807
2025-03-12 11:10:00,37.44,26.2,80,2.7,807
2025-03-12 11:15:00,38.5,26.4,78,2.7,829
2025-03-12 11:20:00,39.86,26.4,77,2.2,838
2025-03-12 11:25:00,38.46,26.7,78,2.2,842
2025-03-12 11:30:00,37.52,26.8,77,2.7,848
2025-03-12 11:35:00,37.7,27.2,77,2.2,849
2025-03-12 11:40:00,37.58,27.2,76,2.7,851
2025-03-12 11:45:00,37.68,27.3,76,3.1,846
2025-03-12 11:50:00,37.18,27.3,76,3.1,850
2025-03-12 11:55:00,37.82,27.1,77,3.6,858
2025-03-12 12:00:00,38.6,27.4,76,3.6,854
2025-03-12 12:05:00,37.84,27.7,76,2.7,868
2025-03-12 12:10:00,37.48,27.9,75,3.1,866
2025-03-12 12:15:00,38.12,27.8,74,3.1,868
2025-03-12 12:20:00,37.72,27.9,74,3.1,862
2025-03-12 12:25:00,37.64,27.8,74,4.0,861
2025-03-12 12:30:00,36.42,27.8,74,3.1,827
2025-03-12 12:35:00,37.06,27.7,75,3.6,854
2025-03-12 12:40:00,38.46,27.7,74,3.6,867
2025-03-12 12:45:00,38.06,27.7,74,3.6,889
2025-03-12 12:50:00,38.18,27.8,74,3.1,901
2025-03-12 12:55:00,35.9,27.9,74,2.7,753
2025-03-12 13:00:00,35.56,27.8,74,3.1,619
2025-03-12 13:05:00,36.88,27.6,74,3.6,697
2025-03-12 13:10:00,38.72,27.8,75,2.7,783
2025-03-12 13:15:00,37.74,28.1,74,2.7,821
2025-03-12 13:20:00,36.44,28.3,72,2.2,646
2025-03-12 13:25:00,37.760000000000005,28.2,72,2.7,712
2025-03-12 13:30:00,36.38,28.2,73,2.7,845
2025-03-12 13:35:00,36.36,28.2,72,2.7,555
2025-03-12 13:40:00,38.36,28.2,72,3.1,676
2025-03-12 13:45:00,35.62,28.2,72,3.1,866
2025-03-12 13:50:00,32.96,27.9,72,2.7,392
2025-03-12 13:55:00,32.7,27.6,74,2.2,380
2025-03-12 14:00:00,33.18,27.4,74,2.2,395
2025-03-12 14:05:00,33.980000000000004,27.2,76,2.7,477
2025-03-12 14:10:00,32.6,27.1,76,3.1,482
2025-03-12 14:15:00,32.08,26.9,76,2.7,382
2025-03-12 14:20:00,31.78,26.8,77,2.7,368
2025-03-12 14:25:00,31.76,26.6,77,2.7,368
2025-03-12 14:30:00,32.3,26.6,78,2.2,350
2025-03-12 14:35:00,32.760000000000005,26.6,77,2.7,378
2025-03-12 14:40:00,33.68,26.4,78,2.7,448
2025-03-12 14:45:00,33.54,26.6,78,2.2,468
2025-03-12 14:50:00,34.32,26.6,78,2.2,460
2025-03-12 14:55:00,34.0,26.7,77,2.7,441
2025-03-12 15:00:00,33.62,26.7,78,2.7,445
2025-03-12 15:05:00,33.17999999999999,26.6,78,2.2,418
2025-03-12 15:10:00,33.739999999999995,26.4,79,2.2,419
2025-03-12 15:15:00,34.6,26.3,80,2.2,475
2025-03-12 15:20:00,33.56,26.4,79,2.7,408
2025-03-12 15:25:00,32.739999999999995,26.4,79,2.2,340
2025-03-12 15:30:00,32.1,26.3,79,1.8,320
2025-03-12 15:35:00,32.84,26.2,80,1.8,313
2025-03-12 15:40:00,34.54,26.2,80,1.8,359
2025-03-12 15:45:00,34.480000000000004,26.4,79,2.7,452
2025-03-12 15:50:00,33.44,26.5,79,1.8,371
2025-03-12 15:55:00,34.46,26.4,79,2.2,398
2025-03-12 16:00:00,34.6,26.3,79,2.2,387
2025-03-13 10:00:00,38.32,26.7,80,1.8,663
2025-03-13 10:05:00,38.760000000000005,26.9,78,1.8,647
2025-03-13 10:10:00,39.5,27.1,78,1.8,709
2025-03-13 10:15:00,38.66,27.2,77,2.2,693
2025-03-13 10:20:00,38.96,27.3,75,1.8,654
2025-03-13 10:25:00,40.2,27.4,76,1.8,693
2025-03-13 10:30:00,39.14,27.5,75,1.8,701
2025-03-13 10:35:00,39.66,27.5,75,2.2,750
2025-03-13 10:40:00,38.9,27.6,75,2.2,770
2025-03-13 10:45:00,39.440000000000005,27.7,75,1.8,767
2025-03-13 10:50:00,39.3,27.8,75,1.8,738
2025-03-13 10:55:00,39.52,28.1,74,2.2,785
2025-03-13 11:00:00,40.44,28.2,74,1.8,781
2025-03-13 11:05:00,40.92,28.2,73,2.2,818
2025-03-13 11:10:00,40.92,28.2,74,2.2,823
2025-03-13 11:15:00,39.36,28.5,74,1.8,824
2025-03-13 11:20:00,39.18,28.6,72,2.2,778
2025-03-13 11:25:00,39.42,28.4,73,2.2,733
2025-03-13 11:30:00,39.74,28.7,72,2.7,850
2025-03-13 11:35:00,40.8,28.9,72,2.2,849
2025-03-13 11:40:00,40.6,29.1,70,2.7,843
2025-03-13 11:45:00,40.5,29.2,70,3.1,871
2025-03-13 11:50:00,38.3,29.2,70,3.1,835
2025-03-13 11:55:00,37.7,28.8,71,3.1,730
2025-03-13 12:00:00,37.06,28.7,71,2.7,630
2025-03-13 12:05:00,37.96,28.7,71,2.7,737
2025-03-13 12:10:00,37.18,28.7,71,3.1,760
2025-03-13 12:15:00,38.32,28.4,72,2.7,755
2025-03-13 12:20:00,39.6,28.4,72,2.7,822
2025-03-13 12:25:00,39.1,28.3,72,2.7,887
2025-03-13 12:30:00,39.7,28.2,73,2.7,912
2025-03-13 12:35:00,39.08,28.4,72,2.7,900
2025-03-13 12:40:00,37.16,28.4,71,2.2,734
2025-03-13 12:45:00,38.32,28.3,70,2.7,734
2025-03-13 12:50:00,38.18,28.3,70,2.2,707
2025-03-13 12:55:00,39.94,28.3,69,2.7,796
2025-03-13 13:00:00,40.34,28.4,70,2.2,859
2025-03-13 13:05:00,41.54,28.7,69,2.7,898
2025-03-13 13:10:00,41.74,28.9,69,2.2,923
2025-03-13 13:15:00,42.4,29.2,67,2.7,889
2025-03-13 13:20:00,41.6,29.4,67,2.7,915
2025-03-13 13:25:00,39.96,29.4,67,2.7,928
2025-03-13 13:30:00,40.86,29.2,67,2.7,930
2025-03-13 13:35:00,41.68,29.2,68,3.1,911
2025-03-13 13:40:00,41.24,29.3,68,2.7,893
2025-03-13 13:45:00,39.92,29.4,66,3.1,822
2025-03-13 13:50:00,40.32,29.4,67,2.7,768
2025-03-13 13:55:00,40.82,29.3,67,2.7,847
2025-03-13 14:00:00,40.96,29.3,65,2.7,853
2025-03-13 14:05:00,40.38,29.3,66,3.1,863
2025-03-13 14:10:00,42.04,29.1,68,2.7,856
2025-03-13 14:15:00,40.5,29.4,67,2.7,828
2025-03-13 14:20:00,40.82000000000001,29.6,65,2.7,829
2025-03-13 14:25:00,41.760000000000005,29.6,66,2.2,829
2025-03-13 14:30:00,42.4,29.5,67,2.2,821
2025-03-13 14:35:00,41.74,29.8,67,2.7,824
2025-03-13 14:40:00,40.58,29.8,67,2.7,759
2025-03-13 14:45:00,38.4,29.6,67,2.7,626
2025-03-13 14:50:00,39.24,29.4,68,2.2,658
2025-03-13 14:55:00,37.52,29.3,70,2.2,631
2025-03-13 15:00:00,36.28,29.1,70,2.2,403
2025-03-13 15:05:00,35.8,28.9,71,1.8,415
2025-03-13 15:10:00,37.5,28.5,71,2.7,490
2025-03-13 15:15:00,37.3,28.4,72,2.2,557
2025-03-13 15:20:00,37.88,28.4,72,2.7,571
2025-03-13 15:25:00,37.760000000000005,28.5,72,2.7,579
2025-03-13 15:30:00,38.56,28.4,72,2.7,607
2025-03-13 15:35:00,37.92,28.3,73,2.7,616
2025-03-13 15:40:00,38.18,28.1,73,2.7,585
2025-03-13 15:45:00,36.6,28.2,73,2.2,518
2025-03-13 15:50:00,35.86,28.2,73,2.2,412
2025-03-13 15:55:00,37.28,28.1,73,2.2,457
2025-03-13 16:00:00,35.9,27.9,74,2.2,504
2025-03-14 10:00:00,37.86,25.8,81,1.3,645
2025-03-14 10:05:00,38.66,26.1,79,1.8,650
2025-03-14 10:10:00,39.66,26.2,79,1.3,665
2025-03-14 10:15:00,39.98,26.4,78,1.3,677
2025-03-14 10:20:00,38.92,26.6,78,2.2,698
2025-03-14 10:25:00,38.64,26.8,78,1.8,706
2025-03-14 10:30:00,38.98,27.1,76,1.8,716
2025-03-14 10:35:00,38.82,27.2,76,2.2,725
2025-03-14 10:40:00,38.4,27.3,76,1.8,727
2025-03-14 10:45:00,38.06,27.4,75,2.2,735
2025-03-14 10:50:00,38.12,27.5,74,2.2,721
2025-03-14 10:55:00,39.28,27.4,73,2.2,758
2025-03-14 11:00:00,38.5,27.6,74,2.2,794
2025-03-14 11:05:00,39.06,27.6,74,2.7,792
2025-03-14 11:10:00,40.1,27.8,73,2.7,794
2025-03-14 11:15:00,38.34,28.1,71,2.2,811
2025-03-14 11:20:00,39.22,27.9,72,2.7,784
2025-03-14 11:25:00,39.18,27.9,72,2.2,788
2025-03-14 11:30:00,40.28,28.2,70,2.2,778
2025-03-14 11:35:00,40.62,28.2,70,1.8,792
2025-03-14 11:40:00,38.62,28.1,71,2.7,812
2025-03-14 11:45:00,39.940000000000005,28.1,70,2.2,830
2025-03-14 11:50:00,39.78,27.8,70,2.2,834
2025-03-14 11:55:00,38.88,27.7,70,2.7,842
2025-03-14 12:00:00,39.54,27.7,69,3.1,846
2025-03-14 12:05:00,38.6,27.9,70,2.7,844
2025-03-14 12:10:00,39.82000000000001,27.9,68,2.7,832
2025-03-14 12:15:00,38.86,28.0,68,2.7,839
2025-03-14 12:20:00,38.96,27.9,69,2.7,815
2025-03-14 12:25:00,39.84,28.1,68,2.2,829
2025-03-14 12:30:00,38.64,28.4,68,2.2,808
2025-03-14 12:35:00,38.72,28.6,67,2.7,833
2025-03-14 12:40:00,39.22,28.6,66,2.2,840
2025-03-14 12:45:00,38.94,28.2,67,3.1,837
2025-03-14 12:50:00,38.34,27.9,68,3.1,827
2025-03-14 12:55:00,38.52,27.9,67,2.7,823
2025-03-14 13:00:00,38.14,27.8,68,3.1,781
2025-03-14 13:05:00,38.16,27.9,68,2.7,765
2025-03-14 13:10:00,39.58,27.9,68,2.7,811
2025-03-14 13:15:00,39.94,28.2,67,2.2,815
2025-03-14 13:20:00,39.260000000000005,28.4,67,3.1,839
2025-03-14 13:25:00,39.58,28.2,67,2.2,829
2025-03-14 13:30:00,39.86,27.9,68,2.2,811
2025-03-14 13:35:00,40.7,28.3,67,1.8,822
2025-03-14 13:40:00,39.86,28.7,66,2.2,816
2025-03-14 13:45:00,37.6,28.5,66,2.7,826
2025-03-14 13:50:00,39.8,28.4,66,2.7,670
2025-03-14 13:55:00,40.0,28.5,66,2.7,767
2025-03-14 14:00:00,39.16,28.6,66,2.7,827
2025-03-14 14:05:00,38.92,28.4,66,2.7,777
2025-03-14 14:10:00,39.16,28.1,66,2.7,753
2025-03-14 14:15:00,39.34,28.1,67,2.7,716
2025-03-14 14:20:00,38.92,28.2,67,2.7,702
2025-03-14 14:25:00,39.28,28.3,67,2.2,688
2025-03-14 14:30:00,37.86,28.6,66,1.8,657
2025-03-14 14:35:00,38.32000000000001,28.1,66,3.6,661
2025-03-14 14:40:00,38.82,27.8,68,2.2,641
2025-03-14 14:45:00,38.52,28.2,67,2.2,628
2025-03-14 14:50:00,39.220000000000006,28.4,66,2.2,600
2025-03-14 14:55:00,39.3,28.6,66,2.2,621
2025-03-14 15:00:00,38.66,28.6,66,2.2,589
2025-03-14 15:05:00,36.24,28.6,65,2.7,487
2025-03-14 15:10:00,34.78,28.4,65,2.7,417
2025-03-14 15:15:00,35.1,27.8,68,3.1,477
2025-03-14 15:20:00,34.5,27.6,69,2.7,410
2025-03-14 15:25:00,34.760000000000005,27.4,69,2.2,419
2025-03-14 15:30:00,32.56,27.3,69,2.7,352
2025-03-14 15:35:00,33.8,26.9,69,3.1,323
2025-03-14 15:40:00,32.52,27.0,70,1.8,354
2025-03-14 15:45:00,32.12,27.0,70,1.8,280
2025-03-14 15:50:00,30.94,26.9,69,2.2,219
2025-03-14 15:55:00,30.2,26.6,70,1.8,178
2025-03-14 16:00:00,30.0,26.4,72,1.8,156
2025-03-15 10:00:00,38.56,28.1,75,1.8,642
2025-03-15 10:05:00,38.78,28.2,75,2.2,648
2025-03-15 10:10:00,38.94,28.2,75,2.2,671
2025-03-15 10:15:00,38.16,28.4,74,2.2,676
2025-03-15 10:20:00,37.0,28.6,75,2.2,686
2025-03-15 10:25:00,37.5,28.5,75,2.2,687
2025-03-15 10:30:00,38.82,28.4,75,2.2,695
2025-03-15 10:35:00,38.4,28.4,74,2.7,709
2025-03-15 10:40:00,37.88,28.4,74,2.2,710
2025-03-15 10:45:00,37.58,28.3,75,2.2,718
2025-03-15 10:50:00,37.28,28.4,75,2.2,725
2025-03-15 10:55:00,38.86,28.4,74,2.7,730
2025-03-15 11:00:00,37.760000000000005,28.3,74,2.7,749
2025-03-15 11:05:00,38.9,28.3,74,2.7,748
2025-03-15 11:10:00,39.42,28.4,74,2.2,754
2025-03-15 11:15:00,39.440000000000005,28.7,73,2.2,771
2025-03-15 11:20:00,38.98,28.7,72,2.2,775
2025-03-15 11:25:00,40.52,28.5,72,2.2,778
2025-03-15 11:30:00,39.7,28.6,72,2.7,792
2025-03-15 11:35:00,39.36,28.7,72,2.2,791
2025-03-15 11:40:00,38.72,29.0,71,2.2,795
2025-03-15 11:45:00,39.12,28.9,70,3.1,796
2025-03-15 11:50:00,39.36,28.8,70,2.7,797
2025-03-15 11:55:00,39.86,29.2,68,2.2,800
2025-03-15 12:00:00,40.1,29.4,67,2.7,812
2025-03-15 12:05:00,39.66,29.5,67,3.1,813
2025-03-15 12:10:00,39.94,29.6,67,2.7,813
2025-03-15 12:15:00,39.74,29.7,67,2.2,815
2025-03-15 12:20:00,39.04,29.9,66,2.7,823
2025-03-15 12:25:00,39.54,30.1,65,2.7,827
2025-03-15 12:30:00,39.96,30.0,66,2.7,828
2025-03-15 12:35:00,39.4,30.1,65,3.1,830
2025-03-15 12:40:00,39.64,29.9,64,2.7,826
2025-03-15 12:45:00,40.18,29.8,65,3.1,823
2025-03-15 12:50:00,38.54,29.8,65,3.1,827
2025-03-15 12:55:00,39.36,29.5,66,3.1,826
2025-03-15 13:00:00,39.92,29.4,65,3.1,813
2025-03-15 13:05:00,39.56,29.6,64,3.1,819
2025-03-15 13:10:00,38.96,29.7,64,3.1,817
2025-03-15 13:15:00,39.78,29.6,63,2.7,817
2025-03-15 13:20:00,38.42,29.4,63,3.6,801
2025-03-15 13:25:00,38.760000000000005,29.2,64,3.1,792
2025-03-15 13:30:00,38.16,29.3,63,3.1,786
2025-03-15 13:35:00,37.5,29.2,63,3.6,772
2025-03-15 13:40:00,37.92,29.2,63,3.1,650
2025-03-15 13:45:00,38.9,29.4,62,2.7,760
2025-03-15 13:50:00,38.04,29.4,62,3.1,657
2025-03-15 13:55:00,39.52,29.4,63,2.7,684
2025-03-15 14:00:00,39.9,29.8,62,2.7,788
2025-03-15 14:05:00,40.88,30.1,61,3.1,765
2025-03-15 14:10:00,39.760000000000005,30.4,59,3.6,759
2025-03-15 14:15:00,39.7,30.3,60,3.1,745
2025-03-15 14:20:00,40.1,30.2,60,3.1,758
2025-03-15 14:25:00,40.98,30.3,61,2.7,812
2025-03-15 14:30:00,37.84,30.4,61,2.7,730
2025-03-15 14:35:00,35.46,30.1,61,2.7,495
2025-03-15 14:40:00,35.14,29.6,62,2.7,392
2025-03-15 14:45:00,33.88,29.3,63,2.7,343
2025-03-15 14:50:00,33.620000000000005,28.9,64,2.2,310
2025-03-15 14:55:00,33.480000000000004,28.6,64,2.2,305
2025-03-15 15:00:00,33.14,28.4,65,2.7,302
2025-03-15 15:05:00,32.44,28.2,65,2.2,278
2025-03-15 15:10:00,32.120000000000005,28.1,66,2.2,252
2025-03-15 15:15:00,31.62,27.9,66,2.2,230
2025-03-15 15:20:00,31.46,27.6,67,2.2,216
2025-03-15 15:25:00,31.56,27.4,68,1.8,224
2025-03-15 15:30:00,31.46,27.4,68,1.8,224
2025-03-15 15:35:00,30.96,27.3,68,1.8,212
2025-03-15 15:40:00,30.2,27.2,69,2.2,211
2025-03-15 15:45:00,30.0,26.9,70,1.8,217
2025-03-15 15:50:00,29.860000000000003,26.8,70,2.2,186
2025-03-15 15:55:00,29.58,26.7,71,1.8,161
2025-03-15 16:00:00,29.3,26.6,71,1.8,146
2025-03-16 10:00:00,34.94,26.2,79,1.8,383
2025-03-16 10:05:00,34.2,26.2,79,1.8,418
2025-03-16 10:10:00,35.12,26.4,79,1.3,428
2025-03-16 10:15:00,34.739999999999995,26.6,78,1.8,435
2025-03-16 10:20:00,34.72,26.7,77,1.8,425
2025-03-16 10:25:00,36.16,26.7,76,1.8,495
2025-03-16 10:30:00,35.660000000000004,26.6,76,2.2,482
2025-03-16 10:35:00,35.32000000000001,26.7,76,1.3,447
2025-03-16 10:40:00,36.42,26.8,75,1.3,478
2025-03-16 10:45:00,36.7,26.9,75,1.3,536
2025-03-16 10:50:00,37.8,27.2,75,1.8,531
2025-03-16 10:55:00,38.66,27.3,74,1.8,633
2025-03-16 11:00:00,37.760000000000005,27.5,74,1.8,681
2025-03-16 11:05:00,38.42,27.6,73,1.8,566
2025-03-16 11:10:00,39.82,27.8,72,1.3,676
2025-03-16 11:15:00,39.98,27.9,72,1.8,711
2025-03-16 11:20:00,41.260000000000005,28.2,72,1.8,770
2025-03-16 11:25:00,40.7,28.3,70,2.2,829
2025-03-16 11:30:00,40.44,28.3,71,2.2,827
2025-03-16 11:35:00,40.82,28.6,70,2.2,824
2025-03-16 11:40:00,40.84,28.8,69,2.7,799
2025-03-16 11:45:00,41.04,28.9,69,2.2,821
2025-03-16 11:50:00,40.56,29.1,69,2.2,824
2025-03-16 11:55:00,40.04,29.3,68,1.8,821
2025-03-16 12:00:00,41.3,29.4,67,2.2,827
2025-03-16 12:05:00,40.86,29.7,66,2.2,833
2025-03-16 12:10:00,38.96,29.9,65,2.2,832
2025-03-16 12:15:00,39.260000000000005,29.7,64,2.7,830
2025-03-16 12:20:00,39.9,29.4,64,2.7,823
2025-03-16 12:25:00,40.6,29.4,65,2.2,825
2025-03-16 12:30:00,38.6,29.6,63,2.7,819
2025-03-16 12:35:00,39.28,29.3,64,3.1,819
2025-03-16 12:40:00,39.62,29.2,64,2.7,824
2025-03-16 12:45:00,39.58,29.4,64,2.7,811
2025-03-16 12:50:00,40.3,29.6,63,3.1,803
2025-03-16 12:55:00,40.08,29.6,63,2.7,794
2025-03-16 13:00:00,39.02,29.8,63,3.1,822
2025-03-16 13:05:00,39.1,29.8,64,2.7,850
2025-03-16 13:10:00,39.1,29.8,63,3.1,783
2025-03-16 13:15:00,37.92,29.8,64,2.7,739
2025-03-16 13:20:00,37.48,29.7,64,2.7,696
2025-03-16 13:25:00,37.52,29.6,64,2.7,629
2025-03-16 13:30:00,36.5,29.5,65,2.7,663
2025-03-16 13:35:00,36.66,29.4,65,2.7,526
2025-03-16 13:40:00,35.58,29.3,66,2.2,457
2025-03-16 13:45:00,35.94,29.1,66,2.7,431
2025-03-16 13:50:00,36.52,28.9,67,2.7,481
2025-03-16 13:55:00,36.86,28.9,67,3.1,560
2025-03-16 14:00:00,37.88,28.8,67,3.1,502
2025-03-16 14:05:00,38.36,28.8,67,2.7,620
2025-03-16 14:10:00,38.48,28.9,67,3.1,683
2025-03-16 14:15:00,36.62,29.1,67,2.2,592
2025-03-16 14:20:00,33.660000000000004,29.2,66,2.2,389
2025-03-16 14:25:00,32.42,28.7,66,2.7,301
2025-03-16 14:30:00,31.84,28.0,67,2.7,273
2025-03-16 14:35:00,31.4,27.7,68,2.7,255
2025-03-16 14:40:00,31.28,27.5,68,2.2,244
2025-03-16 14:45:00,31.360000000000003,27.3,69,2.2,231
2025-03-16 14:50:00,31.04,27.1,69,2.7,217
2025-03-16 14:55:00,29.96,26.9,70,1.8,202
2025-03-16 15:00:00,29.5,26.7,71,1.8,190
2025-03-16 15:05:00,28.94,26.4,72,1.8,180
2025-03-16 15:10:00,28.62,26.3,73,1.8,173
2025-03-16 15:15:00,28.34,25.9,74,1.3,170
2025-03-16 15:20:00,28.28,25.7,75,1.3,167
2025-03-16 15:25:00,28.34,25.5,76,1.8,164
2025-03-16 15:30:00,28.08,25.2,77,2.2,159
2025-03-16 15:35:00,27.76,24.8,78,2.2,155
2025-03-16 15:40:00,27.96,24.7,78,1.8,153
2025-03-16 15:45:00,27.8,24.7,78,1.3,153
2025-03-16 15:50:00,27.64,24.7,78,1.3,155
2025-03-16 15:55:00,28.18,24.7,78,1.3,164
2025-03-16 16:00:00,29.0,24.7,79,1.3,177
2025-03-17 10:00:00,39.04,27.0,75,1.3,531
2025-03-17 10:05:00,38.62,27.1,75,1.3,565
2025-03-17 10:10:00,39.06,27.4,74,1.3,540
2025-03-17 10:15:00,39.84,27.6,73,1.3,529
2025-03-17 10:20:00,39.92,27.8,73,1.3,666
2025-03-17 10:25:00,39.92,28.0,72,1.8,689
2025-03-17 10:30:00,40.06,27.9,72,1.8,730
2025-03-17 10:35:00,40.16,28.1,71,1.8,741
2025-03-17 10:40:00,40.08,28.4,71,1.8,746
2025-03-17 10:45:00,38.52,28.7,70,1.8,735
2025-03-17 10:50:00,38.540000000000006,28.8,70,2.2,751
2025-03-17 10:55:00,38.02,28.6,70,2.7,768
2025-03-17 11:00:00,37.52,28.5,70,3.1,771
2025-03-17 11:05:00,36.78,28.3,71,2.7,772
2025-03-17 11:10:00,38.14,28.3,71,3.1,780
2025-03-17 11:15:00,38.02,28.4,71,3.1,789
2025-03-17 11:20:00,38.24,28.4,71,3.1,800
2025-03-17 11:25:00,39.02,28.4,71,2.7,811
2025-03-17 11:30:00,39.58,28.4,70,2.7,818
2025-03-17 11:35:00,38.260000000000005,28.4,70,2.7,796
2025-03-17 11:40:00,38.08,28.6,70,2.2,776
2025-03-17 11:45:00,38.5,28.6,70,2.7,774
2025-03-17 11:50:00,38.86,28.6,70,2.7,783
2025-03-17 11:55:00,38.52,28.6,70,2.7,794
2025-03-17 12:00:00,38.22,28.4,70,2.7,818
2025-03-17 12:05:00,39.2,28.4,70,2.7,830
2025-03-17 12:10:00,39.96,28.4,70,2.7,841
2025-03-17 12:15:00,39.88,28.4,70,2.7,846
2025-03-17 12:20:00,39.78,28.7,70,2.7,829
2025-03-17 12:25:00,39.56,28.8,69,2.2,799
2025-03-17 12:30:00,39.56,28.8,69,2.2,834
2025-03-17 12:35:00,39.64,28.9,69,2.7,844
2025-03-17 12:40:00,38.8,28.9,69,2.2,845
2025-03-17 12:45:00,39.24,29.0,67,2.2,840
2025-03-17 12:50:00,39.48,29.1,68,2.2,844
2025-03-17 12:55:00,39.34,29.1,67,2.7,839
2025-03-17 13:00:00,38.78,29.1,68,3.1,838
2025-03-17 13:05:00,38.14,29.0,67,2.7,828
2025-03-17 13:10:00,39.78,29.0,67,2.2,825
2025-03-17 13:15:00,40.84,29.1,67,2.7,823
2025-03-17 13:20:00,40.0,29.3,66,2.7,826
2025-03-17 13:25:00,40.0,29.4,66,2.7,817
2025-03-17 13:30:00,40.220000000000006,29.3,65,2.7,773
2025-03-17 13:35:00,40.12,29.1,65,1.8,775
2025-03-17 13:40:00,40.6,29.0,66,2.2,758
2025-03-17 13:45:00,40.04,29.1,66,2.2,787
2025-03-17 13:50:00,39.9,29.2,64,1.8,776
2025-03-17 13:55:00,38.98,29.1,67,2.2,789
2025-03-17 14:00:00,36.84,29.2,66,2.2,688
2025-03-17 14:05:00,36.56,29.2,66,2.7,464
2025-03-17 14:10:00,37.260000000000005,29.0,66,2.2,611
2025-03-17 14:15:00,38.78,29.1,66,2.2,682
2025-03-17 14:20:00,38.220000000000006,29.1,65,2.2,697
2025-03-17 14:25:00,39.62,29.3,66,2.2,638
2025-03-17 14:30:00,38.78,29.4,65,2.2,670
2025-03-17 14:35:00,37.82,29.5,64,2.2,642
2025-03-17 14:40:00,35.1,29.4,65,2.2,476
2025-03-17 14:45:00,34.34,28.7,66,2.7,381
2025-03-17 14:50:00,33.64,28.1,68,2.7,399
2025-03-17 14:55:00,33.62,27.9,69,2.2,317
2025-03-17 15:00:00,34.260000000000005,27.8,69,1.8,355
2025-03-17 15:05:00,36.02,27.9,70,2.2,411
2025-03-17 15:10:00,36.7,27.9,70,2.2,544
2025-03-17 15:15:00,37.5,27.9,70,2.2,517
2025-03-17 15:20:00,37.02,28.1,70,1.8,511
2025-03-17 15:25:00,37.14,28.1,69,1.8,505
2025-03-17 15:30:00,36.06,28.0,70,2.7,514
2025-03-17 15:35:00,34.32,27.8,71,2.2,384
2025-03-17 15:40:00,33.72,27.6,71,1.8,305
2025-03-17 15:45:00,32.540000000000006,27.4,71,1.8,289
2025-03-17 15:50:00,32.82,27.3,71,1.8,278
2025-03-17 15:55:00,34.68,27.2,71,1.8,331
2025-03-17 16:00:00,35.7,27.3,72,1.8,433
2025-03-18 10:00:00,36.86,25.2,79,1.8,670
2025-03-18 10:05:00,36.22,25.3,79,1.8,666
2025-03-18 10:10:00,37.34,25.4,79,1.8,664
2025-03-18 10:15:00,38.38,25.3,78,1.8,688
2025-03-18 10:20:00,38.760000000000005,25.4,79,1.8,705
2025-03-18 10:25:00,38.92,25.7,78,1.8,718
2025-03-18 10:30:00,37.62,25.9,76,1.8,728
2025-03-18 10:35:00,38.18,26.2,75,1.8,726
2025-03-18 10:40:00,37.62,26.3,75,2.2,750
2025-03-18 10:45:00,38.42,26.3,76,1.8,772
2025-03-18 10:50:00,40.18,26.4,76,1.8,778
2025-03-18 10:55:00,39.12,26.4,75,1.3,794
2025-03-18 11:00:00,38.54,26.4,75,2.2,803
2025-03-18 11:05:00,38.98,26.2,76,2.2,811
2025-03-18 11:10:00,38.72,26.1,78,1.8,822
2025-03-18 11:15:00,38.68,26.3,76,2.2,830
2025-03-18 11:20:00,37.06,26.3,76,2.7,827
2025-03-18 11:25:00,38.04,26.4,76,3.1,824
2025-03-18 11:30:00,39.54,26.4,76,2.2,830
2025-03-18 11:35:00,39.8,26.7,76,2.2,843
2025-03-18 11:40:00,39.4,27.1,75,2.2,848
2025-03-18 11:45:00,38.48,26.8,75,1.8,841
2025-03-18 11:50:00,38.1,26.8,75,2.2,845
2025-03-18 11:55:00,38.36,26.7,75,2.2,838
2025-03-18 12:00:00,38.68,26.4,76,1.8,849
2025-03-18 12:05:00,37.7,26.7,75,2.7,846
2025-03-18 12:10:00,37.06,26.9,75,2.7,831
2025-03-18 12:15:00,36.78,26.9,75,2.7,837
2025-03-18 12:20:00,38.72,26.9,74,2.2,868
2025-03-18 12:25:00,38.46,26.9,74,2.7,880
2025-03-18 12:30:00,38.36,27.3,73,2.7,877
2025-03-18 12:35:00,38.24,27.4,72,2.2,885
2025-03-18 12:40:00,39.18,27.1,71,2.7,884
2025-03-18 12:45:00,37.5,27.2,73,2.2,880
2025-03-18 12:50:00,37.02,27.2,71,3.1,813
2025-03-18 12:55:00,38.38,26.8,72,2.2,830
2025-03-18 13:00:00,37.18,26.9,73,2.7,894
2025-03-18 13:05:00,37.52,27.0,72,2.2,708
2025-03-18 13:10:00,37.66,27.1,72,2.2,834
2025-03-18 13:15:00,38.08,27.0,72,2.7,835
2025-03-18 13:20:00,37.96,27.1,72,2.7,851
2025-03-18 13:25:00,38.2,26.9,72,2.2,828
2025-03-18 13:30:00,34.720000000000006,26.7,72,3.1,817
2025-03-18 13:35:00,32.12,26.2,72,2.2,295
2025-03-18 13:40:00,34.34,25.9,73,2.7,434
2025-03-18 13:45:00,36.68,25.9,74,1.8,566
2025-03-18 13:50:00,38.98,26.2,74,2.2,746
2025-03-18 13:55:00,39.38,26.7,72,1.8,812
2025-03-18 14:00:00,38.58,27.1,69,2.2,795
2025-03-18 14:05:00,38.54,27.4,69,2.2,779
2025-03-18 14:10:00,38.2,27.3,68,2.7,767
2025-03-18 14:15:00,38.42,27.3,69,2.7,760
2025-03-18 14:20:00,38.42,26.9,70,3.1,753
2025-03-18 14:25:00,38.14,26.6,71,2.7,748
2025-03-18 14:30:00,38.62,26.6,71,2.7,755
2025-03-18 14:35:00,39.56,26.8,69,2.2,769
2025-03-18 14:40:00,39.36,27.3,68,2.7,781
2025-03-18 14:45:00,38.86,27.7,68,2.2,767
2025-03-18 14:50:00,39.8,27.4,67,2.7,746
2025-03-18 14:55:00,35.5,27.4,68,2.2,638
2025-03-18 15:00:00,34.52,27.3,66,1.8,334
2025-03-18 15:05:00,33.7,27.2,68,1.8,335
2025-03-18 15:10:00,35.72,26.9,68,2.2,414
2025-03-18 15:15:00,37.66,26.8,70,2.2,551
2025-03-18 15:20:00,35.54,26.9,69,2.2,566
2025-03-18 15:25:00,36.02,26.9,69,1.8,379
2025-03-18 15:30:00,35.760000000000005,26.7,70,2.2,559
2025-03-18 15:35:00,33.739999999999995,26.8,68,1.8,374
2025-03-18 15:40:00,35.18,26.4,69,2.2,334
2025-03-18 15:45:00,34.980000000000004,26.4,68,1.3,362
2025-03-18 15:50:00,33.38,26.4,68,1.8,396
2025-03-18 15:55:00,35.980000000000004,26.4,69,1.8,296
2025-03-18 16:00:00,35.5,26.4,69,1.8,382
2025-03-19 10:00:00,37.2,25.7,79,1.8,660
2025-03-19 10:05:00,38.06,25.8,78,2.2,667
2025-03-19 10:10:00,37.96,25.7,79,2.7,694
2025-03-19 10:15:00,37.78,25.8,79,1.8,704
2025-03-19 10:20:00,38.68,26.0,79,1.8,715
2025-03-19 10:25:00,36.88,25.9,78,2.2,741
2025-03-19 10:30:00,36.760000000000005,26.0,78,2.2,746
2025-03-19 10:35:00,38.08,25.9,79,2.7,759
2025-03-19 10:40:00,38.78,26.2,78,1.8,777
2025-03-19 10:45:00,38.64,26.5,77,1.8,791
2025-03-19 10:50:00,39.3,26.7,77,1.8,811
2025-03-19 10:55:00,39.64,26.9,76,1.8,826
2025-03-19 11:00:00,39.14,27.2,75,2.7,844
2025-03-19 11:05:00,38.84,27.4,75,2.7,855
2025-03-19 11:10:00,38.9,27.4,75,2.7,868
2025-03-19 11:15:00,38.7,27.3,74,2.7,872
2025-03-19 11:20:00,38.94,27.4,73,2.2,886
2025-03-19 11:25:00,37.5,27.6,73,2.7,898
2025-03-19 11:30:00,38.14,27.6,73,2.7,884
2025-03-19 11:35:00,37.56,27.6,73,2.2,874
2025-03-19 11:40:00,37.58,27.4,73,3.1,751
2025-03-19 11:45:00,39.6,27.4,73,2.7,871
2025-03-19 11:50:00,39.98,27.6,72,2.2,911
2025-03-19 11:55:00,36.14,27.7,71,2.7,939
2025-03-19 12:00:00,37.2,27.6,72,2.7,500
2025-03-19 12:05:00,39.74,27.6,72,2.2,747
2025-03-19 12:10:00,38.78,27.8,72,3.1,932
2025-03-19 12:15:00,36.94,27.9,72,2.2,868
2025-03-19 12:20:00,37.84,27.6,72,3.1,874
2025-03-19 12:25:00,38.62,27.4,72,2.7,862
2025-03-19 12:30:00,39.08,27.7,71,2.2,874
2025-03-19 12:35:00,39.46,27.9,70,2.7,875
2025-03-19 12:40:00,38.56,28.0,68,2.7,863
2025-03-19 12:45:00,39.3,28.1,69,2.2,863
2025-03-19 12:50:00,38.38,28.4,68,2.7,863
2025-03-19 12:55:00,38.260000000000005,28.6,67,2.7,861
2025-03-19 13:00:00,37.92,28.6,68,3.1,858
2025-03-19 13:05:00,38.120000000000005,28.2,68,3.1,844
2025-03-19 13:10:00,37.92,28.2,68,2.7,832
2025-03-19 13:15:00,38.22,28.2,69,2.7,821
2025-03-19 13:20:00,38.48,28.3,69,2.2,825
2025-03-19 13:25:00,38.84,28.5,68,2.2,822
2025-03-19 13:30:00,38.52,28.6,68,3.1,813
2025-03-19 13:35:00,38.66,28.6,68,2.7,807
2025-03-19 13:40:00,38.64,28.6,67,2.7,803
2025-03-19 13:45:00,38.18,28.6,67,2.2,798
2025-03-19 13:50:00,37.66,28.7,66,2.2,790
2025-03-19 13:55:00,36.84,28.6,66,2.2,725
2025-03-19 14:00:00,37.66,28.4,66,2.2,583
2025-03-19 14:05:00,37.5,28.1,67,2.7,667
2025-03-19 14:10:00,38.5,27.9,68,2.2,629
2025-03-19 14:15:00,38.04,28.1,68,2.7,724
2025-03-19 14:20:00,37.88,28.3,68,2.2,707
2025-03-19 14:25:00,38.32,28.3,67,2.7,675
2025-03-19 14:30:00,37.14,28.5,66,2.7,656
2025-03-19 14:35:00,38.48,28.4,66,2.2,642
2025-03-19 14:40:00,37.3,28.5,66,2.7,640
2025-03-19 14:45:00,36.7,28.6,66,2.7,639
2025-03-19 14:50:00,36.5,28.5,67,2.2,621
2025-03-19 14:55:00,37.94,28.2,68,2.7,575
2025-03-19 15:00:00,39.44,28.3,65,2.7,622
2025-03-19 15:05:00,38.48,28.4,67,2.7,606
2025-03-19 15:10:00,38.96,28.4,66,2.7,588
2025-03-19 15:15:00,37.42,28.4,66,3.1,580
2025-03-19 15:20:00,37.04,28.4,65,2.2,571
2025-03-19 15:25:00,37.88,28.2,66,1.8,551
2025-03-19 15:30:00,37.8,28.2,66,2.2,539
2025-03-19 15:35:00,36.68,28.3,67,2.2,530
2025-03-19 15:40:00,36.38,28.2,66,2.2,522
2025-03-19 15:45:00,36.3,27.9,67,2.2,510
2025-03-19 15:50:00,35.64,27.9,68,2.2,482
2025-03-19 15:55:00,35.48,27.8,67,2.2,433
2025-03-19 16:00:00,35.0,27.7,68,2.2,450
2025-03-20 10:00:00,39.74,26.1,78,1.3,673
2025-03-20 10:05:00,38.86,26.4,77,1.3,683
2025-03-20 10:10:00,39.88,26.6,77,1.8,693
2025-03-20 10:15:00,38.92,26.8,76,2.2,697
2025-03-20 10:20:00,39.4,26.7,76,1.8,715
2025-03-20 10:25:00,40.18,26.9,75,2.2,732
2025-03-20 10:30:00,39.6,27.2,75,2.2,748
2025-03-20 10:35:00,39.9,27.5,73,1.8,760
2025-03-20 10:40:00,40.64,27.4,73,2.2,779
2025-03-20 10:45:00,40.84,27.6,72,1.8,803
2025-03-20 10:50:00,41.260000000000005,27.9,72,1.8,816
2025-03-20 10:55:00,40.48,28.2,71,1.8,819
2025-03-20 11:00:00,40.0,28.4,71,2.7,852
2025-03-20 11:05:00,40.46,28.4,71,2.2,866
2025-03-20 11:10:00,40.32,28.6,70,2.7,871
2025-03-20 11:15:00,39.2,28.4,71,3.1,879
2025-03-20 11:20:00,39.68,28.3,71,2.2,877
2025-03-20 11:25:00,39.62,28.4,70,2.7,878
2025-03-20 11:30:00,39.56,28.6,70,2.2,874
2025-03-20 11:35:00,39.42,28.7,69,2.7,872
2025-03-20 11:40:00,40.74,28.7,69,2.7,872
2025-03-20 11:45:00,39.760000000000005,29.1,69,2.2,867
2025-03-20 11:50:00,40.6,29.1,68,2.7,871
2025-03-20 11:55:00,40.64,28.9,69,3.1,871
2025-03-20 12:00:00,40.78,28.8,69,2.7,864
2025-03-20 12:05:00,40.56,28.8,69,2.2,870
2025-03-20 12:10:00,39.92,28.9,69,2.2,868
2025-03-20 12:15:00,40.16,29.0,68,2.7,870
2025-03-20 12:20:00,39.64,29.1,68,2.7,858
2025-03-20 12:25:00,38.5,29.2,67,2.7,770
2025-03-20 12:30:00,38.24,28.8,69,3.1,847
2025-03-20 12:35:00,37.98,28.7,69,2.2,626
2025-03-20 12:40:00,35.1,28.6,69,2.7,601
2025-03-20 12:45:00,34.28,27.8,70,3.1,544
2025-03-20 12:50:00,35.480000000000004,27.4,71,1.8,481
2025-03-20 12:55:00,36.86,27.4,72,2.7,671
2025-03-20 13:00:00,38.62,27.7,71,3.1,740
2025-03-20 13:05:00,39.14,28.0,71,2.2,804
2025-03-20 13:10:00,38.86,28.4,69,2.2,814
2025-03-20 13:15:00,38.18,28.4,70,2.2,801
2025-03-20 13:20:00,37.84,28.4,69,2.7,699
2025-03-20 13:25:00,38.96,28.2,70,2.7,741
2025-03-20 13:30:00,37.92,28.1,70,2.7,778
2025-03-20 13:35:00,38.02,28.1,69,2.7,690
2025-03-20 13:40:00,39.88,28.1,69,2.7,723
2025-03-20 13:45:00,40.68,28.3,68,2.2,771
2025-03-20 13:50:00,39.32,28.6,68,1.8,789
2025-03-20 13:55:00,38.68,28.7,67,2.7,785
2025-03-20 14:00:00,39.82,28.8,67,2.2,782
2025-03-20 14:05:00,40.260000000000005,28.9,67,2.2,773
2025-03-20 14:10:00,38.96,29.0,66,2.7,769
2025-03-20 14:15:00,39.6,28.8,68,2.2,773
2025-03-20 14:20:00,40.04,28.9,67,2.7,768
2025-03-20 14:25:00,38.64,28.7,67,2.2,719
2025-03-20 14:30:00,37.22,28.3,68,2.2,697
2025-03-20 14:35:00,37.22,28.2,69,2.7,679
2025-03-20 14:40:00,34.96,28.0,69,2.7,650
2025-03-20 14:45:00,32.239999999999995,27.7,70,2.2,363
2025-03-20 14:50:00,34.0,26.9,71,2.7,298
2025-03-20 14:55:00,37.17999999999999,26.4,73,2.2,509
2025-03-20 15:00:00,37.260000000000005,26.6,74,2.2,645
2025-03-20 15:05:00,33.94,26.9,73,2.2,578
2025-03-20 15:10:00,32.2,26.6,72,2.7,365
2025-03-20 15:15:00,31.78,26.1,74,2.2,283
2025-03-20 15:20:00,31.06,25.9,74,2.2,288
2025-03-20 15:25:00,30.5,25.8,75,1.8,292
2025-03-20 15:30:00,29.84,25.7,75,1.8,246
2025-03-20 15:35:00,29.2,25.4,75,1.8,213
2025-03-20 15:40:00,29.02,25.3,75,1.3,203
2025-03-20 15:45:00,29.5,25.1,76,1.3,199
2025-03-20 15:50:00,29.42,25.0,76,0.9,194
2025-03-20 15:55:00,28.46,25.1,76,0.9,179
2025-03-20 16:00:00,28.0,25.0,76,1.3,157
2025-03-21 10:00:00,41.08,28.5,71,1.3,650
2025-03-21 10:05:00,41.36,28.8,70,1.3,657
2025-03-21 10:10:00,40.6,28.9,70,1.8,659
2025-03-21 10:15:00,40.66,29.1,71,1.8,676
2025-03-21 10:20:00,40.62,29.4,70,1.3,692
2025-03-21 10:25:00,40.64,29.6,69,1.8,697
2025-03-21 10:30:00,40.72,29.8,68,1.8,690
2025-03-21 10:35:00,41.04,29.9,67,1.8,701
2025-03-21 10:40:00,40.16,30.0,67,2.2,704
2025-03-21 10:45:00,41.06,30.1,66,2.2,708
2025-03-21 10:50:00,41.0,30.1,66,2.2,722
2025-03-21 10:55:00,40.3,30.1,65,2.2,729
2025-03-21 11:00:00,40.38,30.1,66,2.2,730
2025-03-21 11:05:00,41.720000000000006,30.1,66,2.7,744
2025-03-21 11:10:00,41.52,30.2,66,2.7,764
2025-03-21 11:15:00,41.42,30.4,66,2.2,776
2025-03-21 11:20:00,39.68,30.6,63,2.7,768
2025-03-21 11:25:00,38.8,30.3,64,3.1,763
2025-03-21 11:30:00,39.94,30.1,65,3.1,780
2025-03-21 11:35:00,40.24,30.2,65,2.2,799
2025-03-21 11:40:00,39.68,30.3,63,3.1,807
2025-03-21 11:45:00,40.5,30.2,63,3.1,816
2025-03-21 11:50:00,40.18,30.1,64,3.1,815
2025-03-21 11:55:00,39.42,30.1,63,3.6,820
2025-03-21 12:00:00,39.92,30.2,62,3.1,815
2025-03-21 12:05:00,39.94,30.4,63,2.7,811
2025-03-21 12:10:00,39.16,30.5,62,3.1,810
2025-03-21 12:15:00,39.6,30.4,62,3.6,824
2025-03-21 12:20:00,38.82,30.5,61,3.6,836
2025-03-21 12:25:00,39.7,30.4,62,3.1,841
2025-03-21 12:30:00,40.02,30.6,62,3.1,816
2025-03-21 12:35:00,39.1,30.7,60,3.6,838
2025-03-21 12:40:00,39.1,30.6,61,3.6,830
2025-03-21 12:45:00,38.28,30.6,61,3.6,794
2025-03-21 12:50:00,37.84,30.4,61,4.0,753
2025-03-21 12:55:00,39.14,30.0,62,3.6,777
2025-03-21 13:00:00,38.34,30.2,61,3.1,806
2025-03-21 13:05:00,38.96,29.9,61,4.0,772
2025-03-21 13:10:00,39.0,29.9,62,3.1,791
2025-03-21 13:15:00,37.6,29.9,61,4.0,797
2025-03-21 13:20:00,37.86,29.7,61,4.5,741
2025-03-21 13:25:00,37.18,29.4,62,4.0,733
2025-03-21 13:30:00,37.34,29.4,62,3.6,718
2025-03-21 13:35:00,37.04,29.6,61,3.1,696
2025-03-21 13:40:00,36.88,29.4,62,3.6,676
2025-03-21 13:45:00,37.02,29.2,63,3.6,694
2025-03-21 13:50:00,37.38,29.4,63,2.7,614
2025-03-21 13:55:00,38.48,29.6,63,3.1,725
2025-03-21 14:00:00,37.64,29.6,62,3.6,731
2025-03-21 14:05:00,37.12,29.3,63,3.6,658
2025-03-21 14:10:00,36.42,29.2,63,3.1,643
2025-03-21 14:15:00,37.9,29.1,63,3.1,598
2025-03-21 14:20:00,36.260000000000005,29.2,62,3.1,694
2025-03-21 14:25:00,35.04,28.9,62,3.6,587
2025-03-21 14:30:00,34.6,28.5,64,3.6,488
2025-03-21 14:35:00,34.92,28.2,65,3.1,455
2025-03-21 14:40:00,37.02,28.1,65,3.6,582
2025-03-21 14:45:00,37.74,28.3,64,3.1,692
2025-03-21 14:50:00,36.4,28.6,63,3.1,635
2025-03-21 14:55:00,36.42,28.7,63,2.7,538
2025-03-21 15:00:00,36.7,28.7,62,2.7,493
2025-03-21 15:05:00,35.4,28.9,62,2.2,532
2025-03-21 15:10:00,35.32,28.9,62,2.2,411
2025-03-21 15:15:00,35.12,28.7,63,2.7,452
2025-03-21 15:20:00,33.56,28.6,63,2.7,378
2025-03-21 15:25:00,33.12,28.3,63,2.7,290
2025-03-21 15:30:00,33.56,28.3,63,2.2,286
2025-03-21 15:35:00,34.84,28.2,64,2.2,349
2025-03-21 15:40:00,36.62,28.3,64,2.2,385
2025-03-21 15:45:00,37.92,28.4,63,2.2,476
2025-03-21 15:50:00,38.74,28.6,63,2.2,477
2025-03-21 15:55:00,37.98,28.9,62,1.8,458
2025-03-21 16:00:00,36.8,29.2,61,2.2,435
2025-03-22 10:00:00,38.52,26.8,77,2.2,640
2025-03-22 10:05:00,37.12,27.1,75,1.8,647
2025-03-22 10:10:00,37.12,27.1,75,1.8,654
2025-03-22 10:15:00,39.04,27.2,74,1.8,665
2025-03-22 10:20:00,38.78,27.3,74,2.2,676
2025-03-22 10:25:00,39.78,27.6,74,1.8,690
2025-03-22 10:30:00,38.94,27.8,73,1.8,697
2025-03-22 10:35:00,37.72,28.1,73,1.8,708
2025-03-22 10:40:00,37.78,28.1,72,2.2,717
2025-03-22 10:45:00,38.96,28.2,71,1.8,725
2025-03-22 10:50:00,39.260000000000005,28.3,71,1.8,729
2025-03-22 10:55:00,37.44,28.4,71,2.7,738
2025-03-22 11:00:00,38.08,28.4,71,1.8,737
2025-03-22 11:05:00,38.88,28.4,71,2.2,745
2025-03-22 11:10:00,39.18,28.6,70,2.7,760
2025-03-22 11:15:00,39.12,28.7,69,2.2,764
2025-03-22 11:20:00,38.42,28.8,70,1.8,775
2025-03-22 11:25:00,39.64,28.9,70,2.2,781
2025-03-22 11:30:00,39.18,29.0,69,3.1,789
2025-03-22 11:35:00,38.2,29.0,69,2.2,798
2025-03-22 11:40:00,39.24,28.8,69,2.7,813
2025-03-22 11:45:00,38.98,28.8,69,2.2,818
2025-03-22 11:50:00,38.38,28.9,69,2.2,821
2025-03-22 11:55:00,38.06,29.1,68,2.2,823
2025-03-22 12:00:00,38.2,29.2,68,2.7,824
2025-03-22 12:05:00,38.260000000000005,29.3,67,2.2,827
2025-03-22 12:10:00,38.88,29.3,67,2.7,823
2025-03-22 12:15:00,39.14,29.4,67,2.2,824
2025-03-22 12:20:00,37.9,29.6,66,2.7,831
2025-03-22 12:25:00,39.18,29.7,66,2.7,834
2025-03-22 12:30:00,38.56,29.7,66,2.2,832
2025-03-22 12:35:00,38.56,29.6,66,2.7,826
2025-03-22 12:40:00,38.78,29.6,66,2.7,819
2025-03-22 12:45:00,39.1,29.7,65,2.7,819
2025-03-22 12:50:00,39.86,29.5,67,2.7,824
2025-03-22 12:55:00,39.04,29.6,66,2.7,817
2025-03-22 13:00:00,38.760000000000005,29.7,66,2.2,813
2025-03-22 13:05:00,38.62,29.6,66,2.2,806
2025-03-22 13:10:00,39.18,29.4,67,2.7,799
2025-03-22 13:15:00,38.7,29.3,67,2.7,798
2025-03-22 13:20:00,37.92,29.3,67,2.7,785
2025-03-22 13:25:00,38.68,29.3,68,2.7,780
2025-03-22 13:30:00,37.9,29.4,67,3.1,788
2025-03-22 13:35:00,37.64,29.3,68,2.7,789
2025-03-22 13:40:00,38.5,29.1,68,2.7,777
2025-03-22 13:45:00,39.46,29.2,68,3.1,768
2025-03-22 13:50:00,39.38,29.4,68,2.7,756
2025-03-22 13:55:00,38.46,29.4,67,2.2,750
2025-03-22 14:00:00,38.78,29.3,67,3.1,741
2025-03-22 14:05:00,38.36,29.2,66,2.7,728
2025-03-22 14:10:00,39.34,29.2,66,2.7,712
2025-03-22 14:15:00,38.44,29.4,66,2.2,704
2025-03-22 14:20:00,38.38,29.4,65,2.7,704
2025-03-22 14:25:00,40.16,29.4,65,2.7,712
2025-03-22 14:30:00,40.42,29.5,65,3.1,715
2025-03-22 14:35:00,41.74,29.6,64,2.2,735
2025-03-22 14:40:00,41.3,29.7,64,2.7,745
2025-03-22 14:45:00,39.2,29.9,63,2.2,767
2025-03-22 14:50:00,37.4,29.8,63,2.2,474
2025-03-22 14:55:00,36.68,29.5,64,2.2,518
2025-03-22 15:00:00,37.68,29.3,65,2.2,568
2025-03-22 15:05:00,36.34,29.2,65,2.2,487
2025-03-22 15:10:00,35.720000000000006,29.1,65,2.7,442
2025-03-22 15:15:00,34.84,28.8,65,2.2,381
2025-03-22 15:20:00,33.32,28.6,66,2.2,349
2025-03-22 15:25:00,32.6,28.3,66,2.2,294
2025-03-22 15:30:00,32.22,28.0,67,2.2,269
2025-03-22 15:35:00,31.98,27.8,68,1.8,254
2025-03-22 15:40:00,31.54,27.6,69,2.2,251
2025-03-22 15:45:00,31.48,27.4,69,1.8,242
2025-03-22 15:50:00,31.58,27.2,70,1.8,237
2025-03-22 15:55:00,31.28,27.2,70,1.8,230
2025-03-22 16:00:00,30.8,27.1,71,1.8,220
2025-03-23 10:00:00,37.52,26.2,77,1.8,661
2025-03-23 10:05:00,37.88,26.4,76,2.2,673
2025-03-23 10:10:00,38.38,26.3,76,2.2,689
2025-03-23 10:15:00,38.94,26.4,76,2.2,696
2025-03-23 10:20:00,38.14,26.4,75,1.8,710
2025-03-23 10:25:00,38.64,26.7,75,2.2,716
2025-03-23 10:30:00,39.54,26.9,75,2.2,723
2025-03-23 10:35:00,38.88,27.2,74,1.8,737
2025-03-23 10:40:00,38.2,27.3,74,2.2,750
2025-03-23 10:45:00,38.8,27.6,73,2.2,759
2025-03-23 10:50:00,37.82,27.6,73,2.2,769
2025-03-23 10:55:00,38.12,27.6,73,2.2,781
2025-03-23 11:00:00,37.260000000000005,27.7,73,2.2,793
2025-03-23 11:05:00,36.82,27.7,73,2.2,795
2025-03-23 11:10:00,37.58,27.7,73,2.2,802
2025-03-23 11:15:00,37.34,27.7,72,2.2,801
2025-03-23 11:20:00,36.760000000000005,27.8,72,2.2,806
2025-03-23 11:25:00,37.12,27.9,72,2.2,819
2025-03-23 11:30:00,38.72,27.8,72,2.2,822
2025-03-23 11:35:00,39.56,27.8,72,3.1,832
2025-03-23 11:40:00,39.38,28.0,71,2.2,835
2025-03-23 11:45:00,37.4,28.0,70,2.7,835
2025-03-23 11:50:00,37.62,28.1,71,2.2,830
2025-03-23 11:55:00,38.32,28.2,70,2.7,825
2025-03-23 12:00:00,39.02,28.3,71,3.1,831
2025-03-23 12:05:00,38.1,28.4,70,2.2,827
2025-03-23 12:10:00,37.6,28.4,69,2.7,825
2025-03-23 12:15:00,37.78,28.4,69,2.2,825
2025-03-23 12:20:00,37.7,28.6,69,2.2,824
2025-03-23 12:25:00,38.3,28.6,69,2.2,823
2025-03-23 12:30:00,37.1,28.6,69,2.7,825
2025-03-23 12:35:00,37.56,28.4,69,2.7,823
2025-03-23 12:40:00,38.04,28.3,70,2.7,823
2025-03-23 12:45:00,38.62,28.4,69,2.7,829
2025-03-23 12:50:00,38.36,28.4,69,2.7,824
2025-03-23 12:55:00,39.54,28.7,68,2.7,821
2025-03-23 13:00:00,37.58,28.9,67,2.2,820
2025-03-23 13:05:00,39.2,28.9,68,2.7,817
2025-03-23 13:10:00,38.12,29.1,67,2.7,811
2025-03-23 13:15:00,38.7,29.1,67,2.7,808
2025-03-23 13:20:00,39.52,29.2,66,2.2,814
2025-03-23 13:25:00,38.58,29.3,65,2.7,810
2025-03-23 13:30:00,40.2,29.6,65,2.7,798
2025-03-23 13:35:00,40.96,29.7,64,2.7,784
2025-03-23 13:40:00,39.4,29.8,64,3.1,774
2025-03-23 13:45:00,39.64,29.9,64,2.7,766
2025-03-23 13:50:00,39.62,29.8,63,2.7,760
2025-03-23 13:55:00,39.04,29.9,64,2.2,751
2025-03-23 14:00:00,39.78,30.0,63,2.2,756
2025-03-23 14:05:00,40.760000000000005,29.9,63,2.2,740
2025-03-23 14:10:00,40.72,29.8,63,2.7,725
2025-03-23 14:15:00,39.6,30.1,63,2.7,714
2025-03-23 14:20:00,39.86,30.1,63,2.2,703
2025-03-23 14:25:00,39.64,30.1,62,2.7,691
2025-03-23 14:30:00,40.92,30.0,63,2.7,681
2025-03-23 14:35:00,40.78,30.2,63,2.7,669
2025-03-23 14:40:00,39.14,30.4,62,2.2,660
2025-03-23 14:45:00,39.3,30.4,63,2.2,647
2025-03-23 14:50:00,39.38,30.3,63,2.7,636
2025-03-23 14:55:00,38.720000000000006,30.3,63,2.2,615
2025-03-23 15:00:00,39.760000000000005,30.1,63,2.2,599
2025-03-23 15:05:00,39.66,30.1,64,2.2,580
2025-03-23 15:10:00,39.72,30.3,63,2.2,567
2025-03-23 15:15:00,40.1,30.4,63,2.2,555
2025-03-23 15:20:00,39.48,30.4,62,2.2,541
2025-03-23 15:25:00,39.52,30.5,62,1.8,526
2025-03-23 15:30:00,39.92,30.4,61,2.2,510
2025-03-23 15:35:00,39.9,30.4,62,1.8,499
2025-03-23 15:40:00,40.14,30.6,61,1.8,481
2025-03-23 15:45:00,40.9,30.6,60,1.8,468
2025-03-23 15:50:00,40.66,30.7,60,1.3,456
2025-03-23 15:55:00,40.62,30.7,61,1.8,446
2025-03-23 16:00:00,40.4,30.8,60,1.8,434
2025-03-24 10:00:00,35.42,25.2,84,1.8,641
2025-03-24 10:05:00,36.32,25.4,83,1.8,543
2025-03-24 10:10:00,40.5,25.7,82,1.8,680
2025-03-24 10:15:00,38.24,26.1,81,2.2,848
2025-03-24 10:20:00,36.92,26.2,79,1.8,613
2025-03-24 10:25:00,39.4,26.2,80,1.8,695
2025-03-24 10:30:00,39.08,26.1,79,2.2,855
2025-03-24 10:35:00,38.64,26.1,80,2.2,833
2025-03-24 10:40:00,39.94,26.3,80,2.2,798
2025-03-24 10:45:00,38.48,26.6,79,2.2,822
2025-03-24 10:50:00,36.14,26.7,77,2.7,903
2025-03-24 10:55:00,35.12,26.5,77,2.7,589
2025-03-24 11:00:00,39.44,26.4,78,2.2,710
2025-03-24 11:05:00,38.0,26.7,78,2.2,918
2025-03-24 11:10:00,37.72,26.8,76,3.1,872
2025-03-24 11:15:00,37.72,26.7,78,2.7,834
2025-03-24 11:20:00,37.16,26.9,77,2.7,843
2025-03-24 11:25:00,37.94,27.2,76,2.7,842
2025-03-24 11:30:00,38.48,27.1,75,2.2,836
2025-03-24 11:35:00,38.58,26.9,76,2.2,834
2025-03-24 11:40:00,39.88,27.1,76,2.2,833
2025-03-24 11:45:00,39.6,27.6,75,2.2,841
2025-03-24 11:50:00,38.56,27.8,73,2.2,838
2025-03-24 11:55:00,37.9,27.8,73,2.7,833
2025-03-24 12:00:00,38.58,27.8,73,2.2,838
2025-03-24 12:05:00,38.28,27.9,73,2.7,833
2025-03-24 12:10:00,39.02,28.1,72,2.2,832
2025-03-24 12:15:00,39.02,28.4,72,2.2,839
2025-03-24 12:20:00,39.1,28.6,71,2.7,844
2025-03-24 12:25:00,38.84,28.7,71,2.2,828
2025-03-24 12:30:00,38.760000000000005,28.8,70,2.2,800
2025-03-24 12:35:00,38.52,28.8,70,2.7,834
2025-03-24 12:40:00,40.86,28.5,70,2.7,848
2025-03-24 12:45:00,39.16,28.8,70,2.7,850
2025-03-24 12:50:00,39.04,28.8,70,2.7,851
2025-03-24 12:55:00,38.38,28.7,69,2.7,841
2025-03-24 13:00:00,37.74,28.7,70,2.7,848
2025-03-24 13:05:00,38.24,28.7,70,2.7,841
2025-03-24 13:10:00,38.220000000000006,28.8,69,2.7,829
2025-03-24 13:15:00,39.34,28.9,69,2.7,831
2025-03-24 13:20:00,40.18,29.0,68,2.7,822
2025-03-24 13:25:00,38.92,29.1,68,3.1,818
2025-03-24 13:30:00,38.760000000000005,29.1,68,3.1,802
2025-03-24 13:35:00,38.24,29.1,68,2.7,803
2025-03-24 13:40:00,39.32,29.1,68,2.7,798
2025-03-24 13:45:00,38.760000000000005,29.2,67,3.1,790
2025-03-24 13:50:00,38.48,29.2,68,2.7,784
2025-03-24 13:55:00,38.02,29.2,67,2.7,767
2025-03-24 14:00:00,38.120000000000005,29.1,68,3.1,757
2025-03-24 14:05:00,37.64,29.0,68,2.7,745
2025-03-24 14:10:00,36.84,28.9,69,3.1,737
2025-03-24 14:15:00,36.58,28.4,70,3.6,728
2025-03-24 14:20:00,37.02,28.1,72,3.6,717
2025-03-24 14:25:00,37.2,27.9,72,3.1,700
2025-03-24 14:30:00,37.7,28.0,73,2.2,694
2025-03-24 14:35:00,39.1,28.4,71,2.2,686
2025-03-24 14:40:00,38.98,28.6,70,2.2,670
2025-03-24 14:45:00,38.88,28.8,70,2.2,670
2025-03-24 14:50:00,38.02,28.8,70,2.7,662
2025-03-24 14:55:00,38.4,28.6,70,2.7,655
2025-03-24 15:00:00,38.82,28.7,70,2.7,655
2025-03-24 15:05:00,38.62,28.7,71,2.7,630
2025-03-24 15:10:00,36.98,28.6,70,3.1,629
2025-03-24 15:15:00,36.68,28.2,70,2.7,625
2025-03-24 15:20:00,37.62,28.1,70,2.7,618
2025-03-24 15:25:00,38.34,28.1,71,2.7,590
2025-03-24 15:30:00,37.24,28.2,71,2.2,568
2025-03-24 15:35:00,36.5,28.2,71,2.7,552
2025-03-24 15:40:00,35.980000000000004,27.9,71,2.7,524
2025-03-24 15:45:00,35.84,27.7,71,2.7,512
2025-03-24 15:50:00,35.32,27.5,72,2.7,491
2025-03-24 15:55:00,34.86,27.3,73,2.7,465
2025-03-24 16:00:00,34.7,27.0,73,2.7,430
2025-03-25 10:00:00,37.64,26.4,78,1.3,656
2025-03-25 10:05:00,38.7,26.6,78,1.8,671
2025-03-25 10:10:00,39.46,26.7,77,1.3,688
2025-03-25 10:15:00,39.220000000000006,26.8,76,1.8,701
2025-03-25 10:20:00,39.68,26.9,77,1.8,712
2025-03-25 10:25:00,38.84,27.2,76,1.8,723
2025-03-25 10:30:00,39.46,27.2,76,2.2,733
2025-03-25 10:35:00,40.1,27.4,75,1.3,741
2025-03-25 10:40:00,40.68,27.6,74,1.8,753
2025-03-25 10:45:00,39.7,27.7,73,1.8,759
2025-03-25 10:50:00,39.48,27.9,73,1.3,770
2025-03-25 10:55:00,39.84,28.1,72,2.2,780
2025-03-25 11:00:00,40.54,28.2,72,2.2,791
2025-03-25 11:05:00,39.8,28.5,71,2.7,794
2025-03-25 11:10:00,38.72,28.5,72,2.7,801
2025-03-25 11:15:00,38.260000000000005,28.6,71,2.7,809
2025-03-25 11:20:00,36.82,28.3,72,3.1,815
2025-03-25 11:25:00,36.78,28.0,72,3.1,819
2025-03-25 11:30:00,37.24,27.9,73,2.7,825
2025-03-25 11:35:00,38.38,28.0,72,2.7,832
2025-03-25 11:40:00,38.22,28.1,72,3.1,837
2025-03-25 11:45:00,37.16,28.3,71,2.7,841
2025-03-25 11:50:00,37.44,28.2,72,2.7,846
2025-03-25 11:55:00,37.38,28.3,71,2.7,852
2025-03-25 12:00:00,38.28,28.3,69,2.7,856
2025-03-25 12:05:00,38.67999999999999,28.3,69,2.7,861
2025-03-25 12:10:00,38.42,28.1,69,3.1,860
2025-03-25 12:15:00,39.78,27.9,69,3.1,864
2025-03-25 12:20:00,38.9,28.2,69,2.2,865
2025-03-25 12:25:00,39.18,28.3,67,2.7,863
2025-03-25 12:30:00,38.84,28.4,67,2.7,864
2025-03-25 12:35:00,39.2,28.6,67,3.1,862
2025-03-25 12:40:00,40.1,28.7,67,2.2,859
2025-03-25 12:45:00,39.6,28.9,67,2.2,857
2025-03-25 12:50:00,39.96,28.9,66,3.1,854
2025-03-25 12:55:00,37.760000000000005,29.0,66,2.7,847
2025-03-25 13:00:00,37.66,28.8,66,3.1,846
2025-03-25 13:05:00,38.58,28.5,67,3.1,836
2025-03-25 13:10:00,37.18,28.5,67,2.7,834
2025-03-25 13:15:00,37.96,28.3,68,3.1,832
2025-03-25 13:20:00,37.16,28.2,66,3.1,824
2025-03-25 13:25:00,38.32,27.9,68,3.1,825
2025-03-25 13:30:00,38.56,28.1,68,2.7,820
2025-03-25 13:35:00,37.94,28.4,65,2.2,811
2025-03-25 13:40:00,38.6,28.2,64,3.1,806
2025-03-25 13:45:00,38.14,28.1,66,2.7,796
2025-03-25 13:50:00,39.12,28.2,66,2.7,784
2025-03-25 13:55:00,38.72,28.4,66,2.2,778
2025-03-25 14:00:00,38.06,28.7,65,2.2,773
2025-03-25 14:05:00,38.760000000000005,28.8,65,2.7,762
2025-03-25 14:10:00,38.28,28.7,64,2.7,750
2025-03-25 14:15:00,38.0,28.6,65,2.7,739
2025-03-25 14:20:00,38.62,28.6,65,2.7,731
2025-03-25 14:25:00,38.94,28.5,65,2.2,729
2025-03-25 14:30:00,40.08,28.6,65,2.7,719
2025-03-25 14:35:00,39.44,28.6,65,2.7,713
2025-03-25 14:40:00,39.760000000000005,28.6,65,1.8,717
2025-03-25 14:45:00,40.64,28.7,65,2.7,715
2025-03-25 14:50:00,39.96,28.8,64,1.8,711
2025-03-25 14:55:00,39.82,29.0,63,2.2,703
2025-03-25 15:00:00,39.7,29.0,64,2.2,677
2025-03-25 15:05:00,39.94,28.8,64,2.7,645
2025-03-25 15:10:00,39.22,28.5,64,2.2,636
2025-03-25 15:15:00,39.38,28.6,63,2.7,625
2025-03-25 15:20:00,39.44,28.7,63,1.8,618
2025-03-25 15:25:00,39.58,28.8,63,2.7,614
2025-03-25 15:30:00,39.32,29.0,64,2.2,613
2025-03-25 15:35:00,38.7,29.0,63,2.2,564
2025-03-25 15:40:00,38.44,28.8,63,2.2,567
2025-03-25 15:45:00,38.44,28.7,64,1.3,520
2025-03-25 15:50:00,36.64,28.8,63,2.2,463
2025-03-25 15:55:00,34.4,28.7,63,2.2,338
2025-03-25 16:00:00,34.1,28.4,64,2.2,309
2025-03-26 10:00:00,40.94,27.7,69,1.8,665
2025-03-26 10:05:00,42.260000000000005,27.8,67,1.3,675
2025-03-26 10:10:00,40.6,28.1,69,0.9,685
2025-03-26 10:15:00,41.760000000000005,28.3,68,1.3,694
2025-03-26 10:20:00,41.1,28.5,66,1.8,706
2025-03-26 10:25:00,41.4,28.4,68,1.8,722
2025-03-26 10:30:00,40.48,28.6,67,1.3,740
2025-03-26 10:35:00,40.34,28.9,67,1.3,746
2025-03-26 10:40:00,42.02,28.9,67,1.8,750
2025-03-26 10:45:00,40.48,28.9,68,1.8,750
2025-03-26 10:50:00,40.32,28.8,68,1.8,761
2025-03-26 10:55:00,40.62,28.8,69,2.7,765
2025-03-26 11:00:00,40.5,28.8,68,1.8,770
2025-03-26 11:05:00,41.42,28.9,68,1.8,783
2025-03-26 11:10:00,42.38,29.1,68,1.3,791
2025-03-26 11:15:00,42.28,29.2,69,1.3,799
2025-03-26 11:20:00,41.54,29.4,68,1.3,805
2025-03-26 11:25:00,41.7,29.5,68,2.2,811
2025-03-26 11:30:00,41.68,29.7,67,2.2,816
2025-03-26 11:35:00,41.66,29.6,67,2.2,821
2025-03-26 11:40:00,40.32,29.6,67,2.2,821
2025-03-26 11:45:00,40.14,29.4,66,2.7,830
2025-03-26 11:50:00,40.86,29.3,67,2.7,834
2025-03-26 11:55:00,40.9,29.4,68,2.2,836
2025-03-26 12:00:00,39.72,29.6,66,2.7,841
2025-03-26 12:05:00,38.94,29.5,67,2.7,846
2025-03-26 12:10:00,40.4,29.4,66,2.7,848
2025-03-26 12:15:00,40.96,29.5,66,1.8,849
2025-03-26 12:20:00,40.66,29.4,64,2.7,851
2025-03-26 12:25:00,40.28,29.4,65,2.7,857
2025-03-26 12:30:00,40.84,29.2,65,3.6,862
2025-03-26 12:35:00,40.28,29.0,66,2.2,856
2025-03-26 12:40:00,41.34,29.2,65,2.7,863
2025-03-26 12:45:00,40.56,29.5,65,2.7,867
2025-03-26 12:50:00,40.62,29.9,63,2.2,863
2025-03-26 12:55:00,40.18,29.9,63,2.7,863
2025-03-26 13:00:00,39.78,30.2,62,2.7,868
2025-03-26 13:05:00,40.44,29.9,61,3.1,867
2025-03-26 13:10:00,40.18,29.8,62,2.7,859
2025-03-26 13:15:00,39.18,29.9,61,2.7,866
2025-03-26 13:20:00,38.46,29.9,62,3.1,832
2025-03-26 13:25:00,38.22,29.7,61,3.1,787
2025-03-26 13:30:00,37.42,29.4,62,3.1,788
2025-03-26 13:35:00,38.66,29.2,63,3.1,720
2025-03-26 13:40:00,38.12,28.8,65,3.1,750
2025-03-26 13:45:00,38.94,28.4,66,3.1,752
2025-03-26 13:50:00,40.74,28.6,65,2.7,750
2025-03-26 13:55:00,38.88,28.8,66,2.7,717
2025-03-26 14:00:00,38.24,28.7,64,2.2,607
2025-03-26 14:05:00,38.0,28.8,63,2.2,671
2025-03-26 14:10:00,38.08,28.5,65,2.7,680
2025-03-26 14:15:00,37.9,28.3,66,2.7,662
2025-03-26 14:20:00,38.86,28.3,68,2.7,677
2025-03-26 14:25:00,37.74,28.4,68,2.2,669
2025-03-26 14:30:00,38.96,28.4,68,2.7,627
2025-03-26 14:35:00,38.08,28.3,68,2.7,674
2025-03-26 14:40:00,36.66,28.4,68,2.7,538
2025-03-26 14:45:00,36.84,28.1,66,2.7,450
2025-03-26 14:50:00,36.56,28.0,67,2.2,491
2025-03-26 14:55:00,38.44,27.9,67,2.7,431
2025-03-26 15:00:00,39.3,28.3,68,1.8,625
2025-03-26 15:05:00,36.760000000000005,28.7,65,2.2,577
2025-03-26 15:10:00,35.08,28.6,65,2.2,405
2025-03-26 15:15:00,34.52,28.4,65,1.8,316
2025-03-26 15:20:00,34.52,28.3,65,1.8,284
2025-03-26 15:25:00,33.84,28.3,65,1.3,260
2025-03-26 15:30:00,33.16,28.3,65,1.3,249
2025-03-26 15:35:00,32.96,28.3,64,1.3,238
2025-03-26 15:40:00,32.42,28.2,64,1.8,223
2025-03-26 15:45:00,32.42,28.1,65,1.3,211
2025-03-26 15:50:00,32.62,28.1,65,1.8,208
2025-03-26 15:55:00,31.98,28.1,65,1.8,205
2025-03-26 16:00:00,31.7,28.0,66,1.8,214
2025-03-27 10:00:00,37.86,27.7,75,2.2,670
2025-03-27 10:05:00,39.28,27.7,75,2.2,688
2025-03-27 10:10:00,38.94,27.8,75,1.8,697
2025-03-27 10:15:00,40.08,28.1,74,1.8,715
2025-03-27 10:20:00,39.42,28.1,73,2.2,722
2025-03-27 10:25:00,39.4,27.9,74,2.2,730
2025-03-27 10:30:00,38.22,28.1,74,1.8,740
2025-03-27 10:35:00,39.58,28.2,73,2.2,750
2025-03-27 10:40:00,39.32,28.4,73,2.2,755
2025-03-27 10:45:00,39.36,28.6,72,2.2,764
2025-03-27 10:50:00,39.32,28.7,71,2.2,774
2025-03-27 10:55:00,38.82,28.7,71,2.2,784
2025-03-27 11:00:00,39.6,28.7,71,2.2,790
2025-03-27 11:05:00,40.66,28.8,71,1.8,792
2025-03-27 11:10:00,40.260000000000005,29.1,70,2.2,802
2025-03-27 11:15:00,39.28,29.2,70,2.7,805
2025-03-27 11:20:00,38.84,29.3,69,2.2,810
2025-03-27 11:25:00,40.14,29.3,70,2.7,808
2025-03-27 11:30:00,39.38,29.5,69,2.2,812
2025-03-27 11:35:00,39.42,29.6,69,2.7,825
2025-03-27 11:40:00,39.48,29.7,68,2.2,833
2025-03-27 11:45:00,39.64,29.8,68,2.7,834
2025-03-27 11:50:00,39.96,29.7,67,2.7,838
2025-03-27 11:55:00,41.38,29.8,67,2.7,839
2025-03-27 12:00:00,39.760000000000005,29.8,68,3.1,841
2025-03-27 12:05:00,38.86,30.1,66,3.1,845
2025-03-27 12:10:00,39.86,29.9,66,2.7,844
2025-03-27 12:15:00,39.06,30.1,67,2.7,847
2025-03-27 12:20:00,39.260000000000005,30.1,66,3.1,847
2025-03-27 12:25:00,38.84,29.9,66,3.1,849
2025-03-27 12:30:00,38.44,29.9,66,2.7,847
2025-03-27 12:35:00,39.8,29.8,66,3.1,848
2025-03-27 12:40:00,39.08,29.7,66,3.1,849
2025-03-27 12:45:00,39.4,29.3,67,3.6,844
2025-03-27 12:50:00,39.46,29.5,66,3.1,835
2025-03-27 12:55:00,39.28,29.5,65,3.6,831
2025-03-27 13:00:00,39.96,29.4,65,3.1,824
2025-03-27 13:05:00,39.66,29.8,65,2.7,819
2025-03-27 13:10:00,38.96,30.2,64,3.1,806
2025-03-27 13:15:00,38.96,30.3,64,2.7,798
2025-03-27 13:20:00,38.58,30.4,63,3.1,794
2025-03-27 13:25:00,37.96,30.1,63,3.6,788
2025-03-27 13:30:00,39.08,29.9,65,3.6,783
2025-03-27 13:35:00,38.74,29.9,63,3.1,772
2025-03-27 13:40:00,39.06,30.0,64,3.6,770
2025-03-27 13:45:00,38.56,29.8,63,3.6,760
2025-03-27 13:50:00,37.760000000000005,29.5,64,3.6,751
2025-03-27 13:55:00,37.220000000000006,29.4,65,4.0,749
2025-03-27 14:00:00,37.86,29.4,64,3.6,734
2025-03-27 14:05:00,37.68,29.6,64,3.6,718
2025-03-27 14:10:00,37.18,29.7,65,3.6,709
2025-03-27 14:15:00,37.74,29.7,65,3.6,698
2025-03-27 14:20:00,38.12,29.8,64,3.1,684
2025-03-27 14:25:00,38.42,29.7,64,3.1,666
2025-03-27 14:30:00,38.42,29.6,64,3.1,659
2025-03-27 14:35:00,39.42,29.6,64,3.6,660
2025-03-27 14:40:00,39.58,29.7,63,3.1,628
2025-03-27 14:45:00,39.32,29.6,64,2.7,618
2025-03-27 14:50:00,38.94,29.4,63,3.1,606
2025-03-27 14:55:00,37.7,29.2,64,3.6,584
2025-03-27 15:00:00,38.04,28.9,65,3.6,559
2025-03-27 15:05:00,37.8,29.0,65,3.1,546
2025-03-27 15:10:00,37.44,28.9,65,3.6,539
2025-03-27 15:15:00,37.86,28.8,65,3.6,526
2025-03-27 15:20:00,36.98,28.8,65,3.6,509
2025-03-27 15:25:00,37.92,28.7,65,3.6,468
2025-03-27 15:30:00,37.4,28.8,65,3.1,475
2025-03-27 15:35:00,37.58,28.9,64,3.1,451
2025-03-27 15:40:00,36.74,28.9,64,3.1,429
2025-03-27 15:45:00,35.660000000000004,28.9,64,3.6,417
2025-03-27 15:50:00,36.06,28.7,65,4.0,390
2025-03-27 15:55:00,36.6,28.6,65,3.1,375
2025-03-27 16:00:00,36.6,28.7,65,2.7,368
2025-03-28 10:00:00,42.2,27.9,74,1.3,669
2025-03-28 10:05:00,41.3,28.3,74,1.8,689
2025-03-28 10:10:00,40.28,28.5,73,2.2,695
2025-03-28 10:15:00,40.64,28.6,73,1.8,708
2025-03-28 10:20:00,39.52,28.7,73,2.2,723
2025-03-28 10:25:00,39.22,28.9,72,2.2,737
2025-03-28 10:30:00,38.620000000000005,29.0,72,2.2,734
2025-03-28 10:35:00,39.14,28.9,72,2.2,752
2025-03-28 10:40:00,40.1,29.1,71,2.2,750
2025-03-28 10:45:00,38.36,29.2,71,2.7,763
2025-03-28 10:50:00,36.6,29.2,71,2.2,786
2025-03-28 10:55:00,37.18,29.2,70,2.7,575
2025-03-28 11:00:00,37.62,29.3,70,2.2,617
2025-03-28 11:05:00,40.74,29.3,70,2.7,737
2025-03-28 11:10:00,40.12,29.4,70,3.1,792
2025-03-28 11:15:00,41.22,29.6,69,3.1,801
2025-03-28 11:20:00,40.68,29.8,68,2.7,804
2025-03-28 11:25:00,41.16,30.1,68,2.2,799
2025-03-28 11:30:00,40.260000000000005,30.2,67,2.2,813
2025-03-28 11:35:00,42.02,30.3,67,2.2,813
2025-03-28 11:40:00,40.64,30.4,66,1.8,810
2025-03-28 11:45:00,41.34,30.6,66,2.2,825
2025-03-28 11:50:00,40.64,30.6,65,3.1,829
2025-03-28 11:55:00,41.88,30.7,65,2.2,835
2025-03-28 12:00:00,41.82,30.9,64,1.8,846
2025-03-28 12:05:00,41.38,31.0,64,2.7,842
2025-03-28 12:10:00,41.62,30.9,62,2.2,844
2025-03-28 12:15:00,41.78,30.8,62,2.7,851
2025-03-28 12:20:00,40.62,30.5,64,2.2,855
2025-03-28 12:25:00,40.5,30.6,64,3.1,854
2025-03-28 12:30:00,40.38,30.8,64,3.1,856
2025-03-28 12:35:00,40.7,30.7,64,2.7,839
2025-03-28 12:40:00,40.18,30.7,63,2.7,843
2025-03-28 12:45:00,39.46,30.8,64,3.1,847
2025-03-28 12:50:00,39.74,30.9,63,2.7,843
2025-03-28 12:55:00,39.86,30.9,63,3.1,846
2025-03-28 13:00:00,40.02,30.9,63,2.7,835
2025-03-28 13:05:00,40.96,30.8,63,2.7,828
2025-03-28 13:10:00,41.36,30.9,63,2.7,828
2025-03-28 13:15:00,42.14,31.2,62,2.7,822
2025-03-28 13:20:00,41.0,31.4,62,2.2,807
2025-03-28 13:25:00,41.120000000000005,31.4,61,2.7,803
2025-03-28 13:30:00,41.36,31.1,60,2.2,790
2025-03-28 13:35:00,41.0,31.1,62,3.1,777
2025-03-28 13:40:00,41.98,31.2,61,2.7,764
2025-03-28 13:45:00,41.260000000000005,31.2,62,3.1,755
2025-03-28 13:50:00,40.2,31.2,62,2.2,713
2025-03-28 13:55:00,40.24,31.3,62,2.7,683
2025-03-28 14:00:00,41.88,31.2,61,2.7,673
2025-03-28 14:05:00,39.98,31.2,62,2.2,702
2025-03-28 14:10:00,40.16,31.1,62,2.7,691
2025-03-28 14:15:00,41.78,31.0,62,2.2,670
2025-03-28 14:20:00,41.720000000000006,30.9,62,1.8,667
2025-03-28 14:25:00,40.72,30.9,61,2.2,644
2025-03-28 14:30:00,39.82000000000001,30.8,61,2.7,653
2025-03-28 14:35:00,40.7,30.7,61,2.7,636
2025-03-28 14:40:00,41.66,30.4,62,2.2,641
2025-03-28 14:45:00,40.84,30.3,61,2.7,606
2025-03-28 14:50:00,39.98,30.2,62,2.7,590
2025-03-28 14:55:00,39.66,30.2,63,2.7,592
2025-03-28 15:00:00,39.98,30.6,62,2.2,528
2025-03-28 15:05:00,40.08,30.6,62,3.1,577
2025-03-28 15:10:00,39.9,30.4,61,2.7,571
2025-03-28 15:15:00,39.64,30.5,61,2.2,547
2025-03-28 15:20:00,39.64,30.8,61,2.2,526
2025-03-28 15:25:00,39.38,30.7,61,2.2,522
2025-03-28 15:30:00,39.3,30.6,61,2.7,514
2025-03-28 15:35:00,38.68,30.6,61,2.2,511
2025-03-28 15:40:00,39.72,30.4,61,2.7,506
2025-03-28 15:45:00,40.22,30.4,62,2.2,496
2025-03-28 15:50:00,39.0,30.6,61,2.7,479
2025-03-28 15:55:00,39.14,30.4,61,3.1,464
2025-03-28 16:00:00,38.7,30.3,62,2.2,453
2025-03-29 10:00:00,41.42,26.5,81,0.9,606
2025-03-29 10:05:00,41.24,26.8,80,1.3,676
2025-03-29 10:10:00,41.3,27.2,78,1.3,663
2025-03-29 10:15:00,41.48,27.4,77,1.3,710
2025-03-29 10:20:00,41.44,27.7,77,1.3,706
2025-03-29 10:25:00,41.6,28.2,76,1.8,714
2025-03-29 10:30:00,41.68,28.6,74,1.3,706
2025-03-29 10:35:00,41.38,28.9,72,1.8,727
2025-03-29 10:40:00,40.64,29.2,72,1.8,732
2025-03-29 10:45:00,39.440000000000005,29.3,72,1.8,741
2025-03-29 10:50:00,40.4,29.5,71,2.2,748
2025-03-29 10:55:00,39.24,29.7,70,2.2,746
2025-03-29 11:00:00,39.34,29.7,70,2.2,750
2025-03-29 11:05:00,40.42,29.6,70,3.1,765
2025-03-29 11:10:00,40.24,29.4,70,2.7,798
2025-03-29 11:15:00,39.760000000000005,29.6,70,2.2,812
2025-03-29 11:20:00,40.12,29.7,69,2.7,794
2025-03-29 11:25:00,39.88,29.7,68,2.7,813
2025-03-29 11:30:00,39.54,29.8,68,2.7,803
2025-03-29 11:35:00,39.12,29.8,68,2.7,803
2025-03-29 11:40:00,40.04,29.7,68,3.1,799
2025-03-29 11:45:00,40.04,29.8,68,2.2,771
2025-03-29 11:50:00,37.5,29.6,67,2.7,748
2025-03-29 11:55:00,38.120000000000005,29.5,67,2.7,696
2025-03-29 12:00:00,38.48,29.3,68,2.2,727
2025-03-29 12:05:00,39.38,29.4,68,2.7,790
2025-03-29 12:10:00,40.16,29.5,67,3.1,796
2025-03-29 12:15:00,38.22,29.7,67,2.7,793
2025-03-29 12:20:00,39.5,29.6,67,2.7,738
2025-03-29 12:25:00,39.42,29.7,67,2.2,802
2025-03-29 12:30:00,39.82,29.8,66,2.7,838
2025-03-29 12:35:00,40.760000000000005,29.7,67,2.2,842
2025-03-29 12:40:00,41.36,29.8,67,3.1,831
2025-03-29 12:45:00,38.36,29.9,66,2.7,798
2025-03-29 12:50:00,39.6,29.7,66,2.7,626
2025-03-29 12:55:00,41.06,29.6,66,2.2,863
2025-03-29 13:00:00,40.32,29.9,65,2.2,815
2025-03-29 13:05:00,40.38,30.1,65,2.2,783
2025-03-29 13:10:00,40.52,30.1,65,2.7,778
2025-03-29 13:15:00,39.84,30.1,65,2.7,786
2025-03-29 13:20:00,39.14,30.0,64,2.2,780
2025-03-29 13:25:00,39.94,30.2,64,2.2,759
2025-03-29 13:30:00,39.3,30.3,64,2.7,751
2025-03-29 13:35:00,41.7,30.3,63,2.7,749
2025-03-29 13:40:00,39.98,30.4,62,2.7,739
2025-03-29 13:45:00,39.24,30.1,64,2.7,739
2025-03-29 13:50:00,40.1,30.1,64,2.2,730
2025-03-29 13:55:00,39.5,30.3,63,2.2,725
2025-03-29 14:00:00,40.04,30.4,63,2.7,724
2025-03-29 14:05:00,40.02,30.4,63,3.1,709
2025-03-29 14:10:00,39.44,30.3,62,2.7,710
2025-03-29 14:15:00,40.14,30.2,63,3.1,713
2025-03-29 14:20:00,39.82,30.2,63,2.7,697
2025-03-29 14:25:00,38.760000000000005,30.0,63,2.2,662
2025-03-29 14:30:00,39.7,30.1,63,2.7,640
2025-03-29 14:35:00,40.2,30.0,65,2.7,754
2025-03-29 14:40:00,39.02,30.2,64,2.7,706
2025-03-29 14:45:00,37.5,30.2,63,2.7,546
2025-03-29 14:50:00,37.02,30.1,63,2.2,494
2025-03-29 14:55:00,37.96,29.9,64,3.1,479
2025-03-29 15:00:00,37.760000000000005,29.7,65,2.7,571
2025-03-29 15:05:00,37.08,29.7,64,2.2,433
2025-03-29 15:10:00,36.44,29.7,64,2.2,402
2025-03-29 15:15:00,35.94,29.6,64,2.2,380
2025-03-29 15:20:00,36.62,29.3,65,2.7,416
2025-03-29 15:25:00,36.66,29.3,65,2.2,389
2025-03-29 15:30:00,35.64,29.2,65,2.2,371
2025-03-29 15:35:00,35.8,29.3,65,1.8,343
2025-03-29 15:40:00,34.84,29.3,65,1.8,334
2025-03-29 15:45:00,34.58,29.3,65,1.8,308
2025-03-29 15:50:00,33.54,29.1,66,1.8,301
2025-03-29 15:55:00,33.22,28.9,66,2.2,277
2025-03-29 16:00:00,33.0,28.8,67,2.2,235
2025-03-30 10:00:00,38.86,27.3,77,1.8,630
2025-03-30 10:05:00,38.6,27.4,77,1.3,644
2025-03-30 10:10:00,39.32,27.6,76,1.8,657
2025-03-30 10:15:00,40.84,27.6,76,1.8,669
2025-03-30 10:20:00,40.04,27.7,75,1.3,681
2025-03-30 10:25:00,40.08,28.0,75,1.8,693
2025-03-30 10:30:00,39.88,28.2,74,1.8,705
2025-03-30 10:35:00,40.06,28.1,74,1.3,709
2025-03-30 10:40:00,38.82,28.3,74,1.8,715
2025-03-30 10:45:00,39.1,28.3,74,2.2,722
2025-03-30 10:50:00,40.16,28.4,73,2.2,738
2025-03-30 10:55:00,38.2,28.6,73,2.7,744
2025-03-30 11:00:00,39.3,28.7,72,2.2,747
2025-03-30 11:05:00,38.64,28.8,72,2.2,754
2025-03-30 11:10:00,38.96,28.9,71,2.2,746
2025-03-30 11:15:00,37.58,28.9,71,2.7,761
2025-03-30 11:20:00,37.92,29.0,71,3.1,765
2025-03-30 11:25:00,37.82,29.1,71,3.1,771
2025-03-30 11:30:00,38.06,28.9,71,3.1,783
2025-03-30 11:35:00,38.68,28.9,71,2.7,769
2025-03-30 11:40:00,37.52,29.1,70,2.2,762
2025-03-30 11:45:00,37.78,29.0,70,3.6,757
2025-03-30 11:50:00,37.86,28.8,70,3.6,788
2025-03-30 11:55:00,38.54,28.8,71,2.7,805
2025-03-30 12:00:00,39.54,28.9,71,3.1,824
2025-03-30 12:05:00,38.62,29.2,69,2.7,803
2025-03-30 12:10:00,38.5,29.4,69,3.1,718
2025-03-30 12:15:00,40.04,29.7,68,3.1,746
2025-03-30 12:20:00,39.06,30.0,67,3.1,861
2025-03-30 12:25:00,39.44,30.1,67,3.6,832
2025-03-30 12:30:00,39.98,30.2,66,3.6,786
2025-03-30 12:35:00,39.18,30.2,66,3.1,813
2025-03-30 12:40:00,40.44,30.1,66,3.1,805
2025-03-30 12:45:00,40.14,30.2,66,3.1,835
2025-03-30 12:50:00,41.0,30.4,65,3.1,804
2025-03-30 12:55:00,39.84,30.6,64,2.2,754
2025-03-30 13:00:00,41.12,30.3,64,3.1,780
2025-03-30 13:05:00,39.96,30.2,65,2.7,794
2025-03-30 13:10:00,39.760000000000005,30.2,65,3.1,728
2025-03-30 13:15:00,39.02,30.3,65,2.7,683
2025-03-30 13:20:00,38.9,30.5,64,2.2,676
2025-03-30 13:25:00,38.44,30.4,64,2.7,635
2025-03-30 13:30:00,37.8,30.3,64,2.7,557
2025-03-30 13:35:00,39.3,30.2,64,2.7,605
2025-03-30 13:40:00,40.5,30.3,64,2.7,680
2025-03-30 13:45:00,39.4,30.4,64,2.7,723
2025-03-30 13:50:00,39.38,30.6,63,2.7,572
2025-03-30 13:55:00,38.98,30.4,63,3.1,646
2025-03-30 14:00:00,40.0,30.3,64,2.7,629
2025-03-30 14:05:00,39.98,30.3,64,2.7,632
2025-03-30 14:10:00,39.92,30.6,63,3.1,644
2025-03-30 14:15:00,40.48,30.4,63,3.1,726
2025-03-30 14:20:00,41.38,30.5,63,3.1,753
2025-03-30 14:25:00,38.48,30.7,63,2.7,635
2025-03-30 14:30:00,39.92,30.6,63,3.1,547
2025-03-30 14:35:00,37.14,30.6,63,3.1,545
2025-03-30 14:40:00,36.44,30.3,63,2.7,435
2025-03-30 14:45:00,36.42,30.1,64,3.1,439
2025-03-30 14:50:00,36.16,29.9,65,3.1,478
2025-03-30 14:55:00,37.48,29.7,66,2.7,448
2025-03-30 15:00:00,39.24,29.5,66,2.7,573
2025-03-30 15:05:00,40.6,29.4,67,3.1,658
2025-03-30 15:10:00,38.84,29.7,66,3.1,680
2025-03-30 15:15:00,39.5,29.8,66,2.7,608
2025-03-30 15:20:00,37.18,29.9,65,2.7,605
2025-03-30 15:25:00,35.14,29.8,65,3.1,420
2025-03-30 15:30:00,35.08,29.4,66,2.7,413
2025-03-30 15:35:00,35.18,29.2,67,3.1,383
2025-03-30 15:40:00,35.1,28.9,68,2.7,389
2025-03-30 15:45:00,33.96,28.9,69,2.2,392
2025-03-30 15:50:00,31.4,28.7,68,2.2,250
2025-03-30 15:55:00,30.4,28.4,69,1.8,160
2025-03-30 16:00:00,30.2,27.9,70,2.2,142
2025-03-31 10:00:00,40.44,27.1,77,1.8,640
2025-03-31 10:05:00,40.22,27.3,76,1.3,655
2025-03-31 10:10:00,38.94,27.4,76,1.8,661
2025-03-31 10:15:00,40.44,27.4,76,1.8,674
2025-03-31 10:20:00,40.8,27.7,76,1.8,685
2025-03-31 10:25:00,40.18,27.9,75,2.2,687
2025-03-31 10:30:00,39.54,27.9,75,1.8,703
2025-03-31 10:35:00,39.5,28.2,74,2.2,740
2025-03-31 10:40:00,37.46,28.1,74,2.2,687
2025-03-31 10:45:00,38.82,27.9,74,2.2,591
2025-03-31 10:50:00,39.88,27.9,74,2.2,766
2025-03-31 10:55:00,36.1,28.0,73,2.2,761
2025-03-31 11:00:00,34.94,27.8,74,2.7,432
2025-03-31 11:05:00,35.06,27.6,74,1.8,474
2025-03-31 11:10:00,36.88,27.6,74,2.2,479
2025-03-31 11:15:00,38.46,27.7,74,2.2,638
2025-03-31 11:20:00,39.66,27.9,74,2.2,790
2025-03-31 11:25:00,39.86,28.3,73,2.2,797
2025-03-31 11:30:00,39.58,28.4,72,2.7,753
2025-03-31 11:35:00,39.86,28.4,72,3.1,779
2025-03-31 11:40:00,40.98,28.4,72,2.7,796
2025-03-31 11:45:00,40.7,28.7,72,2.7,818
2025-03-31 11:50:00,40.48,29.0,71,2.2,849
2025-03-31 11:55:00,40.88,29.1,70,2.2,842
2025-03-31 12:00:00,41.44,29.2,70,2.2,827
2025-03-31 12:05:00,42.38,29.3,70,2.7,818
2025-03-31 12:10:00,42.48,29.4,70,2.7,816
2025-03-31 12:15:00,41.34,29.6,69,2.2,817
2025-03-31 12:20:00,41.58,29.7,68,2.2,832
2025-03-31 12:25:00,41.1,29.9,68,2.2,841
2025-03-31 12:30:00,41.66,30.1,67,2.2,830
2025-03-31 12:35:00,40.08,30.2,67,3.1,831
2025-03-31 12:40:00,39.94,30.0,66,2.7,838
2025-03-31 12:45:00,38.8,29.7,67,3.1,816
2025-03-31 12:50:00,39.3,29.7,67,2.2,804
2025-03-31 12:55:00,40.17999999999999,29.9,66,2.7,795
2025-03-31 13:00:00,40.82,29.9,66,2.2,800
2025-03-31 13:05:00,40.22,30.0,66,3.1,753
2025-03-31 13:10:00,39.96,30.1,66,2.7,802
2025-03-31 13:15:00,39.74,30.1,66,2.7,805
2025-03-31 13:20:00,40.0,30.1,66,3.1,765
2025-03-31 13:25:00,38.56,29.9,66,3.6,755
2025-03-31 13:30:00,38.16,29.8,66,3.1,746
2025-03-31 13:35:00,39.9,29.7,67,2.7,741
2025-03-31 13:40:00,40.04,29.7,67,3.6,751
2025-03-31 13:45:00,38.760000000000005,29.7,67,2.7,733
2025-03-31 13:50:00,36.86,29.7,67,3.1,629
2025-03-31 13:55:00,38.28,29.4,67,3.1,553
2025-03-31 14:00:00,37.67999999999999,29.4,67,3.1,625
2025-03-31 14:05:00,40.78,29.1,69,3.1,702
2025-03-31 14:10:00,38.58,29.3,68,3.6,682
2025-03-31 14:15:00,37.8,29.2,67,3.6,514
2025-03-31 14:20:00,38.32,29.1,68,2.7,535
2025-03-31 14:25:00,39.38,29.0,69,3.6,627
2025-03-31 14:30:00,38.02,29.2,69,2.7,535
2025-03-31 14:35:00,38.08,29.2,68,3.1,544
2025-03-31 14:40:00,38.620000000000005,29.1,69,2.7,572
2025-03-31 14:45:00,38.2,29.2,69,2.7,561
2025-03-31 14:50:00,38.46,29.1,68,2.7,568
2025-03-31 14:55:00,38.68,29.2,68,2.7,618
2025-03-31 15:00:00,39.64,28.9,69,3.6,674
2025-03-31 15:05:00,38.58,28.9,69,3.1,592
2025-03-31 15:10:00,36.32,29.1,68,2.7,454
2025-03-31 15:15:00,34.54,29.1,68,2.7,372
2025-03-31 15:20:00,32.739999999999995,28.8,68,2.7,299
2025-03-31 15:25:00,30.84,28.5,69,2.2,188
2025-03-31 15:30:00,29.860000000000003,28.1,69,2.7,138
2025-03-31 15:35:00,29.18,27.6,71,2.2,131
2025-03-31 15:40:00,28.76,27.3,72,1.8,128
2025-03-31 15:45:00,28.360000000000003,27.0,72,2.2,127
2025-03-31 15:50:00,28.22,26.7,73,1.8,130
2025-03-31 15:55:00,28.380000000000003,26.4,74,1.8,140
2025-03-31 16:00:00,28.5,26.3,74,1.8,135
